date,gainers,losers,unchanged,total_listed,total_traded
2024-01-02,20,28,3,51,51
2024-01-03,9,38,3,50,50
2024-01-04,28,17,4,49,49
2024-01-07,30,17,3,50,50
2024-01-08,24,23,3,50,50
2024-01-09,15,32,3,50,50
2024-01-10,19,26,3,48,48
2024-01-11,26,22,2,50,50
2024-01-14,20,22,7,49,49
2024-01-15,21,26,3,50,50
2024-01-16,12,34,4,50,50
2024-01-17,13,36,2,51,51
2024-01-18,14,33,3,50,50
2024-01-21,15,27,6,48,48
2024-01-22,17,29,2,48,48
2024-01-23,18,26,6,50,50
2024-01-24,23,21,4,48,48
2024-01-25,21,24,4,49,49
2024-01-28,19,24,5,48,48
2024-01-29,5,42,3,50,50
2024-01-30,21,22,8,51,51
2024-01-31,14,29,6,49,49
2024-02-01,12,33,6,51,51
2024-02-04,8,36,6,50,50
2024-02-05,4,39,7,50,50
2024-02-06,26,22,3,51,51
2024-02-07,28,18,4,50,50
2024-02-08,19,28,2,49,49
2024-02-11,21,29,1,51,51
2024-02-12,20,28,0,48,48
2024-02-14,36,13,0,49,49
2024-02-15,22,27,2,51,51
2024-02-18,41,8,2,51,51
2024-02-19,30,17,4,51,51
2024-02-20,19,30,2,51,51
2024-02-21,26,25,0,51,51
2024-02-22,20,29,1,50,50
2024-02-25,26,23,2,51,51
2024-02-26,20,29,2,51,51
2024-02-27,35,13,3,51,51
2024-02-28,28,20,2,50,50
2024-02-29,21,30,0,51,51
2024-03-04,32,19,1,52,52
2024-03-05,10,37,4,51,51
2024-03-06,12,35,3,50,50
2024-03-07,25,22,5,52,52
2024-03-10,25,24,3,52,52
2024-03-11,18,28,5,51,51
2024-03-12,21,26,1,48,48
2024-03-13,29,17,6,52,52
2024-03-14,19,26,3,48,48
2024-03-17,22,22,6,50,50
2024-03-18,21,23,8,52,52
2024-03-19,19,25,6,50,50
2024-03-20,18,29,2,49,49
2024-03-21,30,18,2,50,50
2024-03-24,20,27,3,50,50
2024-03-25,3,42,2,47,47
2024-03-26,15,32,3,50,50
2024-03-27,15,31,5,51,51
2024-03-28,23,23,4,50,50
2024-03-31,14,34,3,51,51
2024-04-01,32,17,1,50,50
2024-04-02,26,19,4,49,49
2024-04-03,11,36,5,52,52
2024-04-04,36,9,6,51,51
2024-04-07,37,11,1,49,49
2024-04-08,23,23,2,48,48
2024-04-14,8,39,4,51,51
2024-04-15,40,7,4,51,51
2024-04-16,13,35,2,50,50
2024-04-17,25,20,5,50,50
2024-04-18,21,25,4,50,50
2024-04-21,19,28,2,49,49
2024-04-22,10,36,5,51,51
2024-04-23,24,19,6,49,49
2024-04-24,18,29,1,48,48
2024-04-25,12,37,2,51,51
2024-04-28,29,15,8,52,52
2024-04-29,34,12,4,50,50
2024-04-30,20,25,5,50,50
2024-05-01,20,28,3,51,51
2024-05-02,7,42,1,50,50
2024-05-05,38,10,2,50,50
2024-05-06,15,32,3,50,50
2024-05-07,19,29,2,50,50
2024-05-08,28,18,3,49,49
2024-05-09,15,29,7,51,51
2024-05-12,27,20,3,50,50
2024-05-13,27,19,3,49,49
2024-05-14,29,18,3,50,50
2024-05-15,17,31,3,51,51
2024-05-16,23,23,4,50,50
2024-05-19,24,25,3,52,52
2024-05-20,17,29,5,51,51
2024-05-21,25,21,4,50,50
2024-05-22,19,26,5,50,50
2024-05-23,14,31,4,49,49
2024-05-26,6,41,1,48,48
2024-05-27,15,33,2,50,50
2024-05-28,24,22,5,51,51
2024-05-29,5,44,1,50,50
2024-05-30,36,12,4,52,52
2024-06-02,31,15,3,49,49
2024-06-03,17,31,3,51,51
2024-06-04,34,13,4,51,51
2024-06-05,20,25,5,50,50
2024-06-06,29,14,8,51,51
2024-06-09,27,19,6,52,52
2024-06-10,26,17,9,52,52
2024-06-11,28,23,0,51,51
2024-06-12,19,33,0,52,52
2024-06-13,22,26,4,52,52
2024-06-19,22,23,4,49,49
2024-06-20,23,25,3,51,51
2024-06-23,23,24,5,52,52
2024-06-24,21,29,1,51,51
2024-06-25,27,20,3,50,50
2024-06-26,26,21,5,52,52
2024-06-27,32,15,5,52,52
2024-06-30,17,28,6,51,51
2024-07-01,28,19,4,51,51
2024-07-02,15,30,5,50,50
2024-07-03,30,17,4,51,51
2024-07-04,23,22,4,49,49
2024-07-07,35,14,1,50,50
2024-07-08,27,22,1,50,50
2024-07-09,25,21,6,52,52
2024-07-10,19,27,5,51,51
2024-07-11,28,19,4,51,51
2024-07-14,24,25,3,52,52
2024-07-15,25,23,3,51,51
2024-07-16,27,22,3,52,52
2024-07-17,9,41,2,52,52
2024-07-18,9,38,1,48,48
2024-07-21,21,26,4,51,51
2024-07-22,28,18,6,52,52
2024-07-23,26,20,6,52,52
2024-07-24,20,24,5,49,49
2024-07-25,13,33,3,49,49
2024-07-28,31,15,3,49,49
2024-07-29,28,19,2,49,49
2024-07-30,15,28,7,50,50
2024-07-31,20,26,2,48,48
2024-08-01,16,30,4,50,50
2024-08-04,3,45,4,52,52
2024-08-05,8,39,4,51,51
2024-08-06,31,12,6,49,49
2024-08-07,35,12,3,50,50
2024-08-08,19,26,6,51,51
2024-08-11,33,15,3,51,51
2024-08-12,14,33,3,50,50
2024-08-13,13,36,3,52,52
2024-08-14,25,21,4,50,50
2024-08-15,22,27,3,52,52
2024-08-18,24,23,3,50,50
2024-08-19,25,20,6,51,51
2024-08-20,29,18,3,50,50
2024-08-21,19,30,1,50,50
2024-08-22,23,25,3,51,51
2024-08-25,28,19,4,51,51
2024-08-26,46,3,2,51,51
2024-08-27,26,21,2,49,49
2024-08-28,12,35,3,50,50
2024-08-29,35,12,5,52,52
2024-09-01,34,15,2,51,51
2024-09-02,34,14,4,52,52
2024-09-03,28,19,3,50,50
2024-09-04,7,39,3,49,49
2024-09-05,29,14,8,51,51
2024-09-08,11,36,2,49,49
2024-09-09,20,28,3,51,51
2024-09-10,30,12,8,50,50
2024-09-11,14,33,2,49,49
2024-09-12,39,7,5,51,51
2024-09-15,35,11,5,51,51
2024-09-16,24,20,6,50,50
2024-09-17,21,25,3,49,49
2024-09-18,19,30,2,51,51
2024-09-19,33,13,5,51,51
2024-09-22,17,32,3,52,52
2024-09-23,26,23,2,51,51
2024-09-24,30,17,4,51,51
2024-09-25,31,16,3,50,50
2024-09-26,30,18,3,51,51
2024-09-29,21,24,6,51,51
2024-09-30,20,27,3,50,50
2024-10-01,21,23,7,51,51
2024-10-02,3,47,0,50,50
2024-10-03,13,35,3,51,51
2024-10-06,5,44,2,51,51
2024-10-07,42,7,2,51,51
2024-10-08,43,7,1,51,51
2024-10-09,20,28,3,51,51
2024-10-10,23,26,1,50,50
2024-10-13,22,27,2,51,51
2024-10-14,23,24,4,51,51
2024-10-15,41,5,5,51,51
2024-10-16,23,24,3,50,50
2024-10-17,14,33,4,51,51
2024-10-20,6,43,1,50,50
2024-10-21,21,27,3,51,51
2024-10-22,11,39,1,51,51
2024-10-23,7,40,4,51,51
2024-10-24,19,27,5,51,51
2024-10-27,45,4,1,50,50
2024-10-28,23,24,3,50,50
2024-10-29,25,20,6,51,51
2024-10-30,12,35,4,51,51
2024-10-31,24,22,4,50,50
2024-11-03,10,39,3,52,52
2024-11-04,27,22,2,51,51
2024-11-05,20,24,6,50,50
2024-11-10,27,20,5,52,52
2024-11-11,15,33,2,50,50
2024-11-12,15,31,4,50,50
2024-11-13,15,34,1,50,50
2024-11-14,23,25,1,49,49
2024-11-17,12,35,4,51,51
2024-11-18,18,28,4,50,50
2024-11-19,12,36,2,50,50
2024-11-20,27,19,5,51,51
2024-11-21,14,32,5,51,51
2024-11-24,17,29,5,51,51
2024-11-25,22,23,5,50,50
2024-11-26,24,22,4,50,50
2024-11-27,11,36,3,50,50
2024-11-28,18,27,4,49,49
2024-12-01,17,29,6,52,52
2024-12-02,21,26,4,51,51
2024-12-03,21,23,6,50,50
2024-12-04,8,40,3,51,51
2024-12-05,19,24,6,49,49
2024-12-08,22,24,4,50,50
2024-12-09,29,16,6,51,51
2024-12-10,32,15,3,50,50
2024-12-11,29,18,5,52,52
2024-12-12,36,10,6,52,52
2024-12-15,37,13,2,52,52
2024-12-16,21,26,2,49,49
2024-12-17,14,35,2,51,51
2024-12-22,34,12,4,50,50
2024-12-23,14,31,5,50,50
2024-12-24,24,20,7,51,51
2024-12-25,2,45,3,50,50
2024-12-26,13,34,4,51,51
2024-12-29,28,17,5,50,50
2024-12-30,13,37,1,51,51
2024-12-31,25,20,6,51,51
2025-01-05,23,22,4,49,49
2025-01-06,22,26,1,49,49
2025-01-07,22,24,3,49,49
2025-01-08,16,30,5,51,51
2025-01-09,20,26,4,50,50
2025-01-12,13,32,5,50,50
2025-01-13,2,47,0,49,49
2025-01-14,32,16,1,49,49
2025-01-15,17,31,3,51,51
2025-01-16,40,10,2,52,52
2025-01-19,29,20,3,52,52
2025-01-20,32,15,5,52,52
2025-01-21,24,25,1,50,50
2025-01-22,35,11,5,51,51
2025-01-23,33,12,6,51,51
2025-01-26,19,29,3,51,51
2025-01-27,26,20,5,51,51
2025-01-28,20,29,1,50,50
2025-01-29,25,16,8,49,49
2025-01-30,27,21,4,52,52
2025-02-02,20,27,4,51,51
2025-02-03,13,32,4,49,49
2025-02-04,25,19,7,51,51
2025-02-05,20,25,6,51,51
2025-02-06,17,32,1,50,50
2025-02-09,18,32,2,52,52
2025-02-10,33,16,3,52,52
2025-02-12,13,31,6,50,50
2025-02-13,29,16,4,49,49
2025-02-16,18,27,4,49,49
2025-02-17,23,22,6,51,51
2025-02-18,18,29,4,51,51
2025-02-19,26,24,2,52,52
2025-02-20,18,30,3,51,51
2025-02-23,21,25,4,50,50
2025-02-24,9,40,3,52,52
2025-02-25,19,30,2,51,51
2025-02-26,24,24,3,51,51
2025-02-27,16,34,3,53,53
2025-03-03,22,27,3,52,52
2025-03-04,25,23,3,51,51
2025-03-05,28,16,9,53,53
2025-03-06,25,24,3,52,52
2025-03-09,24,23,4,51,51
2025-03-10,16,31,6,53,53
2025-03-11,14,34,3,51,51
2025-03-12,12,33,7,52,52
2025-03-13,24,20,7,51,51
2025-03-16,27,21,3,51,51
2025-03-17,33,17,2,52,52
2025-03-18,35,11,5,51,51
2025-03-19,14,36,2,52,52
2025-03-20,19,29,4,52,52
2025-03-23,14,32,6,52,52
2025-03-24,13,36,4,53,53
2025-03-25,10,37,3,50,50
2025-03-26,38,12,1,51,51
2025-03-27,17,31,5,53,53
2025-04-06,1,49,3,53,53
2025-04-07,28,21,4,53,53
2025-04-08,50,2,0,52,52
2025-04-09,16,30,6,52,52
2025-04-10,46,5,2,53,53
2025-04-13,34,15,4,53,53
2025-04-14,24,23,4,51,51
2025-04-15,27,22,2,51,51
2025-04-16,21,27,4,52,52
2025-04-17,15,35,1,51,51
2025-04-20,29,20,3,52,52
2025-04-21,24,26,2,52,52
2025-04-22,26,24,3,53,53
2025-04-23,43,7,2,52,52
2025-04-24,38,12,3,53,53
2025-04-27,20,30,2,52,52
2025-04-28,29,19,4,52,52
2025-04-29,21,29,3,53,53
2025-04-30,28,22,2,52,52
2025-05-01,20,30,3,53,53
2025-05-04,21,27,5,53,53
2025-05-05,12,32,9,53,53
2025-05-06,31,15,7,53,53
2025-05-07,27,22,4,53,53
2025-05-08,27,24,2,53,53
2025-05-11,28,22,3,53,53
2025-05-12,36,14,3,53,53
2025-05-13,20,29,4,53,53
2025-05-14,27,20,5,52,52
2025-05-15,15,32,5,52,52
2025-05-18,36,12,4,52,52
2025-05-19,33,14,5,52,52
2025-05-20,36,14,3,53,53
2025-05-21,31,19,2,52,52
2025-05-22,16,32,4,52,52
2025-05-25,14,36,3,53,53
2025-05-26,32,18,3,53,53
2025-05-27,13,37,2,52,52
2025-05-28,11,38,4,53,53
2025-05-29,18,31,2,51,51
2025-06-01,18,30,3,51,51
2025-06-02,18,28,6,52,52
2025-06-03,42,5,4,51,51
2025-06-04,16,33,3,52,52
2025-06-10,43,9,0,52,52
2025-06-11,17,27,8,52,52
2025-06-12,5,45,3,53,53
2025-06-15,0,52,1,53,53
2025-06-16,46,4,3,53,53
2025-06-17,6,45,0,51,51
2025-06-18,9,40,2,51,51
2025-06-19,5,46,1,52,52
2025-06-22,38,9,5,52,52
2025-06-23,42,9,1,52,52
2025-06-24,48,5,0,53,53
2025-06-25,46,6,1,53,53
2025-06-26,38,10,5,53,53
2025-06-29,46,4,2,52,52
2025-06-30,13,37,2,52,52
2025-07-01,17,30,5,52,52
2025-07-02,17,33,2,52,52
2025-07-03,31,19,3,53,53
2025-07-06,29,19,4,52,52
2025-07-07,32,17,4,53,53
2025-07-08,25,20,8,53,53
2025-07-09,22,25,5,52,52
2025-07-10,22,25,5,52,52
2025-07-13,22,24,7,53,53
2025-07-14,13,32,8,53,53
2025-07-15,27,21,4,52,52
2025-07-16,31,15,6,52,52
2025-07-17,34,16,2,52,52
2025-07-20,27,21,5,53,53
2025-07-21,35,11,7,53,53
2025-07-22,22,28,2,52,52
2025-07-23,35,14,3,52,52
2025-07-24,23,24,6,53,53
2025-07-27,28,16,8,52,52
2025-07-28,18,31,3,52,52
2025-07-29,22,26,5,53,53
2025-07-30,24,26,3,53,53
2025-07-31,25,24,3,52,52
2025-08-03,20,29,4,53,53
2025-08-04,32,20,1,53,53
2025-08-05,36,12,4,52,52
2025-08-06,32,16,4,52,52
2025-08-07,29,22,2,53,53
2025-08-10,27,21,5,53,53
2025-08-11,20,28,5,53,53
2025-08-12,35,16,1,52,52
2025-08-13,29,19,5,53,53
2025-08-14,24,23,5,52,52
2025-08-17,13,36,4,53,53
2025-08-18,16,32,5,53,53
2025-08-19,16,32,5,53,53
2025-08-20,13,37,2,52,52
2025-08-21,24,24,4,52,52
2025-08-24,30,18,3,51,51
2025-08-25,14,34,4,52,52
2025-08-26,24,26,2,52,52
2025-08-27,20,20,13,53,53
2025-08-28,14,36,1,51,51
2025-08-31,13,34,6,53,53
2025-09-01,21,27,3,51,51
2025-09-02,25,26,2,53,53
2025-09-03,18,31,2,51,51
2025-09-04,17,33,3,53,53
2025-09-07,31,12,9,52,52
2025-09-08,18,30,4,52,52
2025-09-09,30,17,4,51,51
2025-09-10,10,41,1,52,52
2025-09-11,19,28,5,52,52
2025-09-14,32,16,4,52,52
2025-09-15,25,23,5,53,53
2025-09-16,29,21,2,52,52
2025-09-17,39,10,3,52,52
2025-09-18,20,28,4,52,52
2025-09-21,15,29,8,52,52
2025-09-22,20,30,2,52,52
2025-09-23,21,26,4,51,51
2025-09-24,10,38,4,52,52
2025-09-25,16,32,5,53,53
2025-09-28,21,24,6,51,51
2025-09-29,16,26,10,52,52
2025-09-30,34,12,6,52,52
2025-10-01,3,47,2,52,52
2025-10-02,11,36,5,52,52
2025-10-05,27,19,7,53,53
2025-10-06,10,35,7,52,52
2025-10-07,29,18,5,52,52
2025-10-08,13,36,2,51,51
2025-10-09,27,18,6,51,51
2025-10-12,8,43,1,52,52
2025-10-13,32,18,1,51,51
2025-10-14,11,33,8,52,52
2025-10-15,21,24,5,50,50
2025-10-16,22,25,4,51,51
2025-10-19,22,25,6,53,53
2025-10-20,17,30,5,52,52
2025-10-21,22,27,3,52,52
2025-10-22,27,21,5,53,53
2025-10-23,31,20,1,52,52
2025-10-26,29,21,2,52,52
2025-10-27,10,37,4,51,51
2025-10-28,24,21,7,52,52
2025-10-29,18,27,7,52,52
2025-10-30,24,24,4,52,52
2025-11-02,7,40,6,53,53
2025-11-03,35,15,1,51,51
2025-11-04,22,23,7,52,52
2025-11-05,17,33,2,52,52
2025-11-06,33,14,6,53,53
2025-11-09,16,34,3,53,53
2025-11-10,31,17,5,53,53
2025-11-11,27,22,3,52,52
2025-11-12,13,38,1,52,52
2025-11-13,11,35,6,52,52
2025-11-16,5,44,4,53,53
2025-11-17,18,31,4,53,53
2025-11-18,5,45,2,52,52
2025-11-19,36,12,3,51,51
2025-11-20,8,43,1,52,52
2025-11-23,17,34,2,53,53
2025-11-24,19,31,2,52,52
2025-11-25,17,31,3,51,51
2025-11-26,35,12,4,51,51
2025-11-27,20,29,3,52,52
2025-11-30,17,29,6,52,52
2025-12-01,11,37,3,51,51
2025-12-02,31,17,3,51,51
2025-12-03,29,19,5,53,53
2025-12-04,18,23,11,52,52
2025-12-07,17,33,2,52,52
2025-12-08,15,30,7,52,52
2025-12-09,20,26,6,52,52
2025-12-10,24,23,5,52,52
2025-12-11,40,7,5,52,52
2025-12-14,18,31,4,53,53
2025-12-15,15,35,3,53,53
2025-12-16,9,38,7,54,54
2025-12-17,16,28,10,54,54
2025-12-21,27,19,8,54,54
2025-12-22,31,18,4,53,53
2025-12-23,36,12,4,52,52
2025-12-24,32,18,2,52,52
2025-12-25,12,35,6,53,53
2025-12-28,25,24,3,52,52
2025-12-29,23,26,4,53,53
2025-12-30,23,27,2,52,52
2025-12-31,21,28,3,52,52
2026-01-04,25,25,4,54,54
2026-01-05,45,5,4,54,54
2026-01-06,37,11,6,54,54
2026-01-07,31,19,4,54,54
2026-01-08,11,39,3,53,53
2026-01-11,29,19,6,54,54
2026-01-12,26,21,6,53,53
2026-01-13,32,17,3,52,52
2026-01-14,17,35,2,54,54
2026-01-15,8,43,2,53,53
2026-01-18,43,3,6,52,52
2026-01-19,37,14,2,53,53
2026-01-20,30,19,4,53,53
2026-01-21,21,26,6,53,53
2026-01-22,29,17,8,54,54
2026-01-25,4,49,1,54,54
2026-01-26,34,14,6,54,54
2026-01-27,23,23,8,54,54
2026-01-28,33,18,2,53,53
2026-01-29,11,40,2,53,53
2026-02-01,24,24,5,53,53
2026-02-02,27,20,6,53,53
2026-02-03,29,21,3,53,53
2026-02-04,19,31,3,53,53
2026-02-05,10,39,4,53,53
2026-02-08,39,14,1,54,54
2026-02-09,35,15,4,54,54
2026-02-11,35,14,5,54,54
2026-02-12,22,27,4,53,53
2026-02-15,30,20,3,53,53
2026-02-16,17,32,5,54,54
2026-02-17,21,28,5,54,54
2026-02-18,31,18,5,54,54
2026-02-19,2,50,1,53,53
2026-02-22,20,31,2,53,53
2026-02-23,29,20,3,52,52
2026-02-24,25,25,3,53,53
2026-02-25,23,27,3,53,53
2026-02-26,12,41,1,54,54
2026-03-02,1,52,0,53,53
2026-03-03,21,30,3,54,54
2026-03-04,47,5,2,54,54
2026-03-05,30,22,1,53,53
2026-03-08,26,27,0,53,53
2026-03-09,3,47,3,53,53
2026-03-10,45,8,0,53,53
2026-03-11,14,39,1,54,54
2026-03-12,10,40,4,54,54
2026-03-15,18,33,3,54,54
2026-03-16,21,27,5,53,53
2026-03-17,29,20,3,52,52
2026-03-18,35,17,1,53,53
2026-03-24,14,39,1,54,54
2026-03-25,37,14,3,54,54
2026-03-26,13,39,1,53,53
2026-03-29,9,43,2,54,54
2026-03-30,25,26,2,53,53
2026-03-31,38,14,1,53,53
2026-04-01,37,14,2,53,53
2026-04-02,12,39,1,52,52
2026-04-05,21,29,3,53,53
2026-04-06,48,3,2,53,53
2026-04-07,13,36,5,54,54
2026-04-08,53,1,0,54,54
2026-04-09,9,43,2,54,54
2026-04-12,21,30,3,54,54
2026-04-13,33,18,2,53,53
2026-04-14,38,14,2,54,54
2026-04-15,36,14,2,52,52
2026-04-16,16,30,8,54,54
2026-04-19,23,25,6,54,54
2026-04-20,23,24,6,53,53
2026-04-21,32,17,3,52,52
2026-04-22,24,26,3,53,53
2026-04-23,22,27,5,54,54
2026-04-26,28,17,9,54,54
2026-04-27,28,22,3,53,53
2026-04-28,20,27,6,53,53
2026-04-29,14,37,2,53,53
2026-04-30,11,38,5,54,54
2026-05-03,34,17,2,53,53
2026-05-04,36,12,5,53,53
2026-05-05,8,42,2,52,52
2026-05-06,45,5,3,53,53
2026-05-07,36,14,3,53,53
2026-05-10,21,24,8,53,53
2026-05-11,22,28,4,54,54
2026-05-12,9,38,6,53,53
2026-05-13,11,38,2,51,51
2026-05-14,25,21,6,52,52
2026-05-17,12,39,2,53,53
2026-05-18,6,44,3,53,53
2026-05-19,42,6,6,54,54
2026-05-20,10,40,3,53,53
2026-05-21,33,17,3,53,53
2026-05-24,49,2,3,54,54
2026-05-25,12,38,4,54,54
2026-05-31,22,28,4,54,54
2026-06-01,18,30,6,54,54
2026-06-02,19,31,4,54,54
2026-06-03,17,33,3,53,53
2026-06-04,31,18,3,52,52
