date,foreign_buy,foreign_sell,foreign_net,domestic_buy,domestic_sell,domestic_net
2024-01-02,237009455.138,219319768.81199998,17689686.326000035,339235184.915,356924871.241,-17689686.325999975
2024-01-03,225951218.49899998,268166380.463,-42215161.96400002,369946326.302,327731164.33800006,42215161.96399993
2024-01-04,187555966.919,185448434.90699998,2107532.0120000243,263635248.98899996,265742781.00100002,-2107532.012000054
2024-01-07,100551717.377,101817781.487,-1266064.1099999994,278284692.40400004,277018628.294,1266064.1100000143
2024-01-08,184920631.488,176235442.04,8685189.448000014,216943198.751,225628388.199,-8685189.448000014
2024-01-09,143269539.202,161457191.861,-18187652.65900001,236430576.331,218242923.672,18187652.65900001
2024-01-10,143633044.24,138302461.184,5330583.056000024,236999319.26500002,242329902.321,-5330583.055999994
2024-01-11,191505376.16899997,196572080.787,-5066704.6180000305,259894092.78699997,254827388.169,5066704.617999971
2024-01-14,71881428.446,82479097.053,-10597668.607000008,300522344.319,289924675.712,10597668.606999993
2024-01-15,151572813.907,148848765.683,2724048.224000007,325484613.65,328208661.874,-2724048.2240000367
2024-01-16,172410410.98900002,201416937.963,-29006526.973999977,276761808.86399996,247755281.89,29006526.973999977
2024-01-17,202447414.572,230953375.672,-28505961.099999994,273169962.096,244664000.996,28505961.100000024
2024-01-18,315947522.092,372207765.514,-56260243.42199999,846040452.0209999,789780208.599,56260243.42199993
2024-01-21,95470550.649,113293700.652,-17823150.00299999,578978066.564,561154916.561,17823150.00300002
2024-01-22,222117623.08800003,191257345.927,30860277.161000043,809654491.038,840514768.1990001,-30860277.161000133
2024-01-23,187926974.26,176838989.15399998,11087985.106000006,280053616.64,291141601.746,-11087985.106000006
2024-01-24,212545094.55,204682825.83400002,7862268.715999991,375871862.406,383734131.122,-7862268.715999961
2024-01-25,156590296.662,154026921.75199997,2563374.910000026,282727487.146,285290862.056,-2563374.9099999666
2024-01-28,61528570.567,61995206.184,-466635.6169999987,237904011.23099998,237437375.614,466635.6169999838
2024-01-29,139599342.946,178599434.658,-39000091.71199998,320318106.165,281318014.453,39000091.71200001
2024-01-30,185359590.539,203223220.329,-17863629.78999999,297424165.301,279560535.51100004,17863629.78999996
2024-01-31,204754722.90699998,205839361.55200002,-1084638.6450000405,310773755.588,309689116.94299996,1084638.6450000405
2024-02-01,155747914.962,154370556.31599998,1377358.6460000277,267884128.20200002,269261486.848,-1377358.645999968
2024-02-04,88732768.757,67040264.714,21692504.042999998,192581713.303,214274217.34600002,-21692504.043000013
2024-02-05,179617174.837,183789156.08200002,-4171981.245000005,218125569.65,213953588.405,4171981.245000005
2024-02-06,144012279.843,138723723.14200002,5288556.700999975,185889111.712,191177668.41300002,-5288556.701000005
2024-02-07,197903042.882,199949895.168,-2046852.2860000134,290766248.98,288719396.69399995,2046852.286000073
2024-02-08,169930170.88200003,164815049.95700002,5115120.925000012,284127284.49799997,289242405.423,-5115120.925000012
2024-02-11,93182855.70199999,109110068.926,-15927213.224000007,247979826.781,232052613.557,15927213.223999977
2024-02-12,222815788.96400002,181073488.263,41742300.701000005,374737330.157,416479630.858,-41742300.700999975
2024-02-14,222853502.959,188473732.986,34379769.97299999,330459241.44299996,364839011.41599995,-34379769.97299999
2024-02-15,197098992.14499998,214404135.473,-17305143.32800001,378754239.055,361449095.727,17305143.32800001
2024-02-18,131000024.95699999,130893943.29999998,106081.65700000525,323527519.08599997,323633600.743,-106081.65700000525
2024-02-19,225264532.13199997,189501185.04500002,35763347.08699995,376323300.222,412086647.309,-35763347.08700001
2024-02-20,178356226.343,154727152.437,23629073.90599999,303903891.685,327532965.59099996,-23629073.90599996
2024-02-21,172873963.118,153913772.494,18960190.624000013,280763746.056,299723936.67999995,-18960190.623999953
2024-02-22,166062948.12,163162855.768,2900092.351999998,349353089.27,352253181.622,-2900092.351999998
2024-02-25,188139586.491,188681745.178,-542158.6870000064,557623323.9310001,557081165.244,542158.6870001554
2024-02-26,198886898.655,181490142.55400002,17396756.10099998,421819974.38299996,439216730.484,-17396756.10100007
2024-02-27,214395249.862,173598073.157,40797176.70499998,502533018.384,543330195.089,-40797176.70499998
2024-02-28,153552289.75700003,156005611.57,-2453321.8129999638,473900657.468,471447335.655,2453321.8130000234
2024-02-29,731205675.293,669324815.707,61880859.585999966,447835337.879,509716197.46500003,-61880859.586000025
2024-03-04,148266886.57500002,155451111.64,-7184225.064999968,398362132.203,391177907.138,7184225.064999998
2024-03-05,151353669.926,162578678.333,-11225008.407000005,393329281.735,382104273.328,11225008.407000005
2024-03-06,111356463.196,153666503.003,-42310039.807,369381510.61399996,327071470.807,42310039.80699998
2024-03-07,160107809.594,141677820.644,18429988.950000018,279213990.47999996,297643979.43,-18429988.950000048
2024-03-10,106517176.874,83398813.391,23118363.482999995,260874290.219,283992653.702,-23118363.48300001
2024-03-11,143805102.273,128794172.014,15010930.259000003,244436034.86799997,259446965.12699997,-15010930.259000003
2024-03-12,128275178.508,112758412.063,15516766.445000008,256528884.54700002,272045650.992,-15516766.444999963
2024-03-13,169121650.739,160820785.234,8300865.504999995,262954169.888,271255035.39299995,-8300865.504999936
2024-03-14,894350570.45,809551410.0289999,84799160.42100012,338656642.271,423455802.69200003,-84799160.421
2024-03-17,94663908.73,88408294.65599999,6255614.074000016,237679889.78400004,243935503.858,-6255614.073999971
2024-03-18,129868081.16999999,122231060.475,7637020.694999993,365837071.259,373474091.95400006,-7637020.695000052
2024-03-19,141472013.17,127626276.641,13845736.528999984,288653751.361,302499487.89,-13845736.528999984
2024-03-20,115859034.498,106856615.502,9002418.995999992,225711178.15500003,234713597.151,-9002418.995999962
2024-03-21,121761499.141,118948791.52399999,2812707.6170000136,265155410.042,267968117.65900004,-2812707.6170000434
2024-03-24,72881371.977,44563884.473000005,28317487.503999993,202376584.533,230694072.037,-28317487.504000008
2024-03-25,140294174.331,159894289.53300002,-19600115.202000022,321422004.983,301821889.781,19600115.201999962
2024-03-26,135458096.825,121185875.049,14272221.775999993,449211171.916,463483393.692,-14272221.775999963
2024-03-27,191091194.63700002,197349569.63199997,-6258374.994999945,237256190.153,230997815.158,6258374.995000005
2024-03-28,147860288.98499998,145768146.946,2092142.0389999747,320503287.191,322595429.23,-2092142.0390000343
2024-03-31,50796212.515,59676554.84899999,-8880342.333999991,250276588.579,241396246.24499997,8880342.334000021
2024-04-01,102524828.262,118985277.312,-16460449.050000012,443467352.70100003,427006903.651,16460449.050000012
2024-04-02,134829414.642,162770338.395,-27940923.75300002,282879153.014,254938229.261,27940923.75299999
2024-04-03,189433023.48299998,228197398.797,-38764375.31400001,303836509.306,265072133.99199998,38764375.31400001
2024-04-04,212835279.243,156359252.621,56476026.62200001,336335340.695,392811367.317,-56476026.62199998
2024-04-07,80464628.993,68359484.97600001,12105144.01699999,226038633.233,238143777.25,-12105144.01699999
2024-04-08,79906286.997,79669060.279,237226.71799999475,235483457.681,235720684.399,-237226.71799999475
2024-04-14,92571429.402,108828371.955,-16256942.553000003,231942975.684,215686033.131,16256942.552999973
2024-04-15,281270954.305,261996002.298,19274952.007,371754286.809,391029238.816,-19274952.00699997
2024-04-16,176901138.322,180200342.93400002,-3299204.6120000184,315490999.71400005,312191795.102,3299204.612000048
2024-04-17,149050956.50599998,141335887.477,7715069.028999984,216146743.589,223861812.618,-7715069.029000014
2024-04-18,199163338.23700002,196323407.726,2839930.5110000074,314233543.412,317073473.92300004,-2839930.511000037
2024-04-21,76800890.122,74161296.07699999,2639594.045000002,281010556.19299996,283650150.238,-2639594.0450000167
2024-04-22,164463738.553,171452981.546,-6989242.993000001,314539554.061,307550311.068,6989242.992999971
2024-04-23,129902071.323,154445883.662,-24543812.339,295696097.161,271152284.822,24543812.338999987
2024-04-24,159760173.91599998,238983848.321,-79223674.40500003,427647302.015,348423627.61,79223674.40499997
2024-04-25,154134678.68,180703673.896,-26568995.21599999,277488499.722,250919504.50599998,26568995.21600002
2024-04-28,80055952.57699999,74425004.76099999,5630947.816,147370897.245,153001845.06100002,-5630947.816000015
2024-04-29,171382892.03300002,172140917.125,-758025.0919999778,246847039.83599997,246089014.74400002,758025.091999948
2024-04-30,230765111.831,224516043.26600003,6249068.564999968,306659241.617,312908310.18200004,-6249068.565000057
2024-05-01,145035300.434,128915086.268,16120214.165999979,333137005.396,349257219.562,-16120214.165999949
2024-05-02,159225767.163,143982205.782,15243561.380999982,336316691.12299997,351560252.504,-15243561.381000042
2024-05-05,111865013.778,81507055.888,30357957.89,309325418.46500003,339683376.355,-30357957.889999986
2024-05-06,132609733.64,148528963.57299998,-15919229.932999983,340623107.323,324703877.39,15919229.933000028
2024-05-07,148298125.052,177461721.80499998,-29163596.75299999,329528905.31299996,300365308.56000006,29163596.7529999
2024-05-08,285482275.644,291926659.309,-6444383.665000021,400684512.65300006,394240128.988,6444383.665000081
2024-05-09,210047375.24799997,233184818.08099997,-23137442.833000004,404985345.01800007,381847902.185,23137442.833000064
2024-05-12,109571056.468,99143211.163,10427845.304999992,259400509.475,269828354.78000003,-10427845.305000037
2024-05-13,146245814.304,169193537.98499998,-22947723.680999994,351180426.91800004,328232703.237,22947723.681000054
2024-05-14,124783570.73499998,150631088.51599997,-25847517.78099999,352050668.045,326203150.26400006,25847517.78099996
2024-05-15,173513455.94099998,193685237.22200003,-20171781.281000048,388925348.31299996,368753567.032,20171781.28099996
2024-05-16,193426053.21899998,154296701.63300002,39129351.585999966,285695886.86300004,324825238.44899994,-39129351.585999906
2024-05-19,88580155.64999999,88334663.23499998,245492.41500000656,271132696.91899997,271378189.334,-245492.41500002146
2024-05-20,161193985.314,188816865.664,-27622880.349999994,359211435.643,331588555.293,27622880.350000024
2024-05-21,171528039.01999998,226407214.397,-54879175.377000034,357096377.816,302217202.43899995,54879175.377000034
2024-05-22,193297062.546,201344165.888,-8047103.342000008,330369118.22400004,322322014.882,8047103.342000008
2024-05-23,147992045.305,200698281.74299997,-52706236.437999964,297447746.21,244741509.77199998,52706236.43799999
2024-05-26,88112173.134,113194920.786,-25082747.651999995,264362303.36300004,239279555.711,25082747.65200004
2024-05-27,136866293.79799998,198891713.595,-62025419.79700002,309039468.327,247014048.53,62025419.79700002
2024-05-28,143226054.348,207748769.629,-64522715.28100002,254886158.63399997,190363443.35300002,64522715.28099996
2024-05-29,162920523.835,246638456.822,-83717932.98699999,334355165.88199997,250637232.89500004,83717932.98699993
2024-05-30,906694923.691,1068374673.969,-161679750.278,523438577.385,361758827.107,161679750.278
2024-06-02,114413369.722,120766385.354,-6353015.631999999,238715364.27500004,232362348.643,6353015.632000029
2024-06-03,110549963.62099999,205110847.564,-94560883.94300002,320708664.68799996,226147780.74499997,94560883.94299999
2024-06-04,118044287.70300001,180719760.45400003,-62675472.75100002,372183147.201,309507674.45000005,62675472.75099993
2024-06-05,128361243.745,225922198.074,-97560954.329,374667987.189,277107032.85999995,97560954.32900006
2024-06-06,96167582.27700001,188690809.868,-92523227.59099999,327545015.69799995,235021788.107,92523227.59099996
2024-06-09,79760545.06,91009976.066,-11249431.005999997,307278286.476,296028855.47,11249431.005999982
2024-06-10,115068604.567,148037749.98299998,-32969145.41599998,278242654.856,245273509.44000003,32969145.41599998
2024-06-11,133205547.481,147513760.55200002,-14308213.07100001,275357753.147,261049540.076,14308213.07100001
2024-06-12,153514030.013,220641238.519,-67127208.50599998,385179521.649,318052313.143,67127208.50599998
2024-06-13,150041803.86,237118636.72500002,-87076832.86500001,349231358.69,262154525.825,87076832.86500001
2024-06-19,113274691.52299999,149444255.49199998,-36169563.969,199420297.493,163250733.524,36169563.96900001
2024-06-20,377053944.603,545831556.0630001,-168777611.4600001,390832406.87000006,222054795.41000003,168777611.46000004
2024-06-23,84963957.279,120362657.849,-35398700.57000001,274498160.46999997,239099459.89999998,35398700.56999999
2024-06-24,166484567.58200002,179386078.323,-12901510.740999997,228249018.008,215347507.267,12901510.740999997
2024-06-25,171519383.79000002,170661888.647,857495.1430000067,256274850.194,257132345.337,-857495.1430000067
2024-06-26,214588712.932,259830651.66500002,-45241938.73300001,289347915.094,244105976.36100003,45241938.73299995
2024-06-27,235734927.495,215089833.126,20645094.369000018,277073444.57100004,297718538.94,-20645094.368999958
2024-06-30,71595824.623,93364241.687,-21768417.06400001,231645337.929,209876920.86499998,21768417.06400001
2024-07-01,168191237.174,179915600.297,-11724363.122999996,236250830.993,224526467.87000003,11724363.122999966
2024-07-02,147335696.717,172075061.581,-24739364.863999993,266110634.817,241371269.95299998,24739364.864000022
2024-07-03,115578430.718,126515613.852,-10937183.134000003,235873127.333,224935944.199,10937183.134000003
2024-07-04,188116223.421,207059995.959,-18943772.537999988,240937104.79700002,221993332.259,18943772.538000017
2024-07-07,95697061.413,99246767.437,-3549706.024000004,214828974.88900003,211279268.865,3549706.024000019
2024-07-08,204086477.833,218419470.385,-14332992.551999986,257673825.129,243340832.577,14332992.552000016
2024-07-09,153639310.778,150531270.082,3108040.69600001,214038830.80400002,217146871.5,-3108040.69599998
2024-07-10,193776747.68699998,237458754.486,-43682006.799000025,317562541.367,273880534.56799996,43682006.799000025
2024-07-11,201267354.954,180658602.182,20608752.771999985,231650792.272,252259545.044,-20608752.771999985
2024-07-14,95182403.635,77037737.703,18144665.93200001,223370767.171,241515433.103,-18144665.93199998
2024-07-15,251502491.83699998,191589023.88,59913467.95699999,215681171.232,275594639.18899995,-59913467.95699996
2024-07-16,135461893.68899998,129096070.45300001,6365823.235999972,190261206.961,196627030.197,-6365823.236000001
2024-07-17,203256348.615,180770547.458,22485801.157000005,276942389.924,299428191.08100003,-22485801.157000005
2024-07-18,194153962.121,193920211.996,233750.125,279151245.72700006,279384995.852,-233750.1249999404
2024-07-21,102645452.78999999,80389795.78299999,22255657.007,157659343.929,179915000.936,-22255657.007
2024-07-22,150144404.494,109235405.01499999,40908999.479,155861770.17999998,196770769.659,-40908999.47900003
2024-07-23,147018212.424,98770281.677,48247930.746999994,144823195.578,193071126.325,-48247930.74699998
2024-07-24,129636227.39199999,115506534.361,14129693.030999988,170447262.17000002,184576955.20099998,-14129693.030999959
2024-07-25,111184244.928,139413863.082,-28229618.153999984,190806367.19300002,162576749.03900003,28229618.153999984
2024-07-28,70695000.815,76008994.329,-5313993.513999999,139067748.31699997,133753754.803,5313993.513999969
2024-07-29,144794829.183,144513292.813,281536.37000000477,214807246.724,215088783.09399998,-281536.36999997497
2024-07-30,119271831.64400002,106642347.71200001,12629483.932000011,166662231.399,179291715.331,-12629483.932000011
2024-07-31,262203010.03,233919640.327,28283369.70300001,142516189.139,170799558.842,-28283369.70300001
2024-08-01,118324453.23,126235223.60800001,-7910770.378000006,173680072.469,165769302.091,7910770.378000021
2024-08-04,105662665.64,132137352.01699999,-26474686.37699999,269098989.32500005,242624302.948,26474686.377000034
2024-08-05,209120139.74199998,334157093.285,-125036953.54300004,382261364.52,257224410.977,125036953.54299998
2024-08-06,145588934.448,180020854.49199998,-34431920.04399997,239384874.286,204952954.24199998,34431920.04400003
2024-08-07,140812079.43,138409389.971,2402689.459000021,234748549.972,237151239.431,-2402689.4589999914
2024-08-08,102588036.559,109649450.433,-7061413.873999998,141404765.34600002,134343351.47199997,7061413.874000043
2024-08-11,51987864.894,56060101.59700001,-4072236.703000009,170590231.059,166517994.356,4072236.7029999793
2024-08-12,90809271.211,92781825.53,-1972554.3190000057,168625116.44099998,166652562.122,1972554.318999976
2024-08-13,118425035.61199999,119173551.57699999,-748515.9650000036,188186579.292,187438063.327,748515.9650000036
2024-08-14,127440844.57200001,117323817.139,10117027.433000013,168176978.144,178294005.57700002,-10117027.433000028
2024-08-15,104708535.016,98615895.463,6092639.553000003,174360378.03500003,180453017.58800003,-6092639.553000003
2024-08-18,65300223.81400001,64805898.061,494325.75300001353,166585387.22399998,167079712.977,-494325.753000021
2024-08-19,85068880.545,83034859.353,2034021.1920000017,133063357.578,135097378.77,-2034021.1920000166
2024-08-20,104441738.50299999,117100618.22399999,-12658879.721,176301895.31,163643015.589,12658879.721000016
2024-08-21,91952055.99599999,110166340.262,-18214284.266000003,185744362.144,167530077.878,18214284.266000003
2024-08-22,155639637.018,147912384.607,7727252.411000013,162441248.626,170168501.037,-7727252.411000013
2024-08-25,68710525.47999999,74457111.489,-5746586.009000003,183292683.67000002,177546097.66099998,5746586.009000033
2024-08-26,146360316.567,112932389.73000002,33427926.836999983,218174919.78900003,251602846.62600002,-33427926.836999983
2024-08-27,143282660.417,137779619.416,5503041.000999987,242887221.772,248390262.77299997,-5503041.000999957
2024-08-28,134247223.15399998,181551917.259,-47304694.10500002,298527724.649,251223030.544,47304694.10499999
2024-08-29,417046020.94,393434749.87,23611271.069999993,170828066.646,194439337.716,-23611271.069999993
2024-09-01,85818634.01699999,80194655.794,5623978.22299999,151062861.42299998,156686839.646,-5623978.22300002
2024-09-02,173112913.499,121286313.06599998,51826600.43300003,224481788.52499998,276308388.958,-51826600.43300003
2024-09-03,185530993.19,149674284.898,35856708.291999996,218268967.14,254125675.43199998,-35856708.291999996
2024-09-04,102928259.78900002,120849716.417,-17921456.627999976,189766727.389,171845270.76099998,17921456.62800002
2024-09-05,77339213.89500001,104530510.87900001,-27191296.983999997,184071615.952,156880318.968,27191296.983999997
2024-09-08,58320656.974,68289114.129,-9968457.154999994,136422274.26999998,126453817.115,9968457.154999986
2024-09-09,93020167.444,90564208.041,2455959.403000012,163884582.02999997,166340541.43299997,-2455959.402999997
2024-09-10,138753796.099,134291523.705,4462272.393999994,171710647.503,176172919.897,-4462272.394000024
2024-09-11,122759440.555,166510806.368,-43751365.81299999,234389615.888,190638250.07500002,43751365.81299999
2024-09-12,203710776.885,182095953.34399998,21614823.54100001,310497310.99300003,332112134.5339999,-21614823.54099989
2024-09-15,107416083.372,89795538.594,17620544.777999997,233135382.248,250755927.026,-17620544.777999997
2024-09-16,112633180.162,121573353.674,-8940173.511999995,224284430.854,215344257.342,8940173.511999995
2024-09-17,169717178.83199996,175882055.40399998,-6164876.572000027,267832730.625,261667854.053,6164876.571999997
2024-09-18,113986307.201,138001865.67000002,-24015558.46900001,208905784.14999998,184890225.681,24015558.468999982
2024-09-19,419753752.577,389010898.91800004,30742853.65899998,263871875.11299998,294614728.772,-30742853.65900004
2024-09-22,85815030.361,83940820.63,1874209.7310000062,171239319.45299998,173113529.18399996,-1874209.7309999764
2024-09-23,122035446.854,117814855.485,4220591.369000003,189900792.483,194121383.852,-4220591.368999988
2024-09-24,185189915.287,149763901.301,35426013.986,190370723.429,225796737.41500002,-35426013.98600003
2024-09-25,248085818.562,180478276.24199998,67607542.32000002,288445102.42399997,356052644.744,-67607542.32000005
2024-09-26,250012237.99500003,230104803.69900003,19907434.296000004,327606762.15099996,347514196.447,-19907434.296000063
2024-09-29,97078925.504,92066668.556,5012256.947999999,237858824.555,242871081.503,-5012256.947999984
2024-09-30,273707136.845,247807403.748,25899733.097000033,323854184.85899997,349753917.9560001,-25899733.097000122
2024-10-01,176096318.228,150419273.89,25677044.338,257473308.619,283150352.957,-25677044.33800003
2024-10-02,104164682.139,166714743.47399998,-62550061.33499998,265374189.50199997,202824128.167,62550061.33499998
2024-10-03,146539064.366,207985522.08299997,-61446457.71699998,338892099.454,277445641.737,61446457.71700001
2024-10-06,88190211.036,145524219.39200002,-57334008.35600002,314715148.20900005,257381139.85300002,57334008.356000036
2024-10-07,153750029.262,165892235.072,-12142205.810000002,287612172.962,275469967.15200007,12142205.809999943
2024-10-08,170245797.15800002,174528928.181,-4283131.022999972,278995694.12299997,274712563.1,4283131.022999942
2024-10-09,125725150.592,124316607.466,1408543.1259999871,283872483.529,285281026.65500003,-1408543.1260000467
2024-10-10,76088531.206,93740113.185,-17651581.979000002,175569644.636,157918062.657,17651581.979000002
2024-10-13,58730414.009,67295275.626,-8564861.616999999,191986511.773,183421650.15600002,8564861.616999984
2024-10-14,115080876.289,161100146.857,-46019270.56799999,247373422.40600002,201354151.83800003,46019270.56799999
2024-10-15,231559563.415,345832193.575,-114272630.16,481907572.5079999,367634942.34800005,114272630.15999985
2024-10-16,102351358.045,192294841.87,-89943483.825,397778230.502,307834746.677,89943483.82499999
2024-10-17,135580700.074,237890435.288,-102309735.21399999,405241044.73,302931309.516,102309735.21400005
2024-10-20,46154420.253,55734985.677,-9580565.424000002,128749624.929,119169059.505,9580565.42400001
2024-10-21,119056458.29699999,100009036.861,19047421.43599999,220447089.862,239494511.29799998,-19047421.43599999
2024-10-22,132124478.32699999,137613735.496,-5489257.169,193149541.523,187660284.354,5489257.169
2024-10-23,132205295.378,214615574.572,-82410279.19399999,318364238.06500006,235953958.871,82410279.19400007
2024-10-24,107379826.123,165522739.429,-58142913.305999994,255242820.80300003,197099907.49699998,58142913.306000054
2024-10-27,155180439.132,108243844.89499998,46936594.23700002,293304901.179,340241495.416,-46936594.23699999
2024-10-28,147892058.817,173532942.89,-25640884.072999984,276729519.84400004,251088635.77099997,25640884.073000073
2024-10-29,177647972.355,195639453.375,-17991481.02000001,331961816.52000004,313970335.50000006,17991481.01999998
2024-10-30,175123100.803,239162722.81199998,-64039622.00899997,318235562.391,254195940.38200003,64039622.008999944
2024-10-31,241963204.25300002,247427716.621,-5464512.367999971,261341868.16,255877355.792,5464512.368000001
2024-11-03,75485486.173,55240680.576,20244805.596999995,172897237.888,193142043.48499998,-20244805.596999973
2024-11-04,152820227.35,128748762.50500001,24071464.844999984,254219044.398,278290509.243,-24071464.84499997
2024-11-05,134628957.653,123159472.44000001,11469485.212999985,197227345.609,208696830.822,-11469485.213
2024-11-10,116611512.977,145123054.74699998,-28511541.76999998,277414771.59199995,248903229.822,28511541.76999995
2024-11-11,134195150.154,174048365.95900002,-39853215.80500002,263465490.565,223612274.76,39853215.80500001
2024-11-12,157193764.954,241923320.783,-84729555.829,304938247.73,220208691.901,84729555.82900003
2024-11-13,116807290.167,174408837.628,-57601547.460999995,247058557.8,189457010.33900005,57601547.460999966
2024-11-14,161503092.08200002,188790428.889,-27287336.80699998,228403342.60799998,201116005.801,27287336.80699998
2024-11-17,59431581.966000006,71114839.03099999,-11683257.064999983,154857814.734,143174557.66899997,11683257.065000027
2024-11-18,113230355.696,124491546.463,-11261190.767000005,194214143.548,182952952.781,11261190.76700002
2024-11-19,76249820.245,101603634.718,-25353814.47299999,188183490.759,162829676.28599998,25353814.47300002
2024-11-20,110113276.565,116497653.34800002,-6384376.783000022,188824685.13699996,182440308.354,6384376.782999963
2024-11-21,137619275.18699998,174412126.97499996,-36792851.78799999,235925446.927,199132595.139,36792851.78799999
2024-11-24,72747164.50299999,78433833.506,-5686669.003000006,152112970.201,146426301.198,5686669.002999991
2024-11-25,624892383.474,744651278.229,-119758894.755,337757264.032,217998369.277,119758894.755
2024-11-26,80450795.271,100282656.398,-19831861.127000004,161039091.688,141207230.561,19831861.127000004
2024-11-27,132257677.481,175124097.465,-42866419.984,185869175.44199997,143002755.458,42866419.98399997
2024-11-28,105837811.94100001,136355447.67400002,-30517635.73300001,181538663.34600002,151021027.61299998,30517635.73300004
2024-12-01,47543676.504999995,36027927.262,11515749.242999993,124251716.602,135767465.845,-11515749.243
2024-12-02,73973972.981,86296366.217,-12322393.235999987,153585987.188,141263593.952,12322393.236000001
2024-12-03,124750179.50500001,130368500.50299999,-5618320.997999981,214012758.56700003,208394437.569,5618320.998000026
2024-12-04,89179338.725,109146630.45699999,-19967291.731999993,168992952.241,149025660.509,19967291.731999993
2024-12-05,98979112.96700001,112356328.94700001,-13377215.980000004,165670173.188,152292957.208,13377215.97999999
2024-12-08,53524518.236999996,56273630.203999996,-2749111.967,168024719.998,165275608.031,2749111.9670000076
2024-12-09,135678137.988,136902873.374,-1224735.3860000074,182266208.916,181041473.53,1224735.3860000074
2024-12-10,190492680.312,166979124.262,23513556.050000012,214091723.80200002,237605279.852,-23513556.049999982
2024-12-11,144980939.841,127434936.95599999,17546002.885000005,254381251.77999997,271927254.66499996,-17546002.88499999
2024-12-12,171502242.935,141122180.398,30380062.537,232666452.894,263046515.431,-30380062.537
2024-12-15,74270239.17799999,64408406.663,9861832.514999986,219444127.505,229305960.01999998,-9861832.514999986
2024-12-16,194678287.68,181957672.642,12720615.038000017,207499734.77299997,220220349.81099996,-12720615.037999988
2024-12-17,392869314.66400003,450814425.017,-57945110.352999985,274770521.039,216825410.686,57945110.352999985
2024-12-22,149016996.007,126284141.50299999,22732854.504000008,169432788.26,192165642.764,-22732854.504000008
2024-12-23,177064193.341,192918287.588,-15854094.247000009,186942407.68800002,171088313.441,15854094.247000009
2024-12-24,145126936.38,150467635.37100002,-5340698.991000026,194668301.398,189327602.407,5340698.990999997
2024-12-25,81262460.497,116082434.28500001,-34819973.78800002,184697771.518,149877797.73,34819973.78800002
2024-12-26,120384364.14099999,165120435.132,-44736070.99100001,183707549.889,138971478.89800003,44736070.99099997
2024-12-29,47744279.677,54971144.587000005,-7226864.910000004,136861966.206,129635101.29599997,7226864.910000026
2024-12-30,127649762.884,144354976.80900002,-16705213.925000012,188947768.06,172242554.135,16705213.925000012
2024-12-31,99790305.42300001,143439247.754,-43648942.331,206958291.02100003,163309348.69,43648942.33100003
2025-01-05,78519921.967,66294692.541999996,12225229.424999997,147085420.32,159310649.74500003,-12225229.425000042
2025-01-06,143381050.923,136276613.033,7104437.8900000155,206800046.20499998,213904484.09500003,-7104437.890000045
2025-01-07,171714875.62,167118849.38200003,4596026.237999976,202437085.802,207033112.04,-4596026.2380000055
2025-01-08,234620456.706,245946446.717,-11325990.011000007,274902359.214,263576369.20299998,11325990.011000007
2025-01-09,154229983.89099997,185815036.285,-31585052.394000024,237027788.67899996,205442736.285,31585052.393999964
2025-01-12,71349627.139,70044339.54599999,1305287.5930000097,146197265.211,147502552.80400002,-1305287.5930000246
2025-01-13,182243692.808,236060815.459,-53817122.65099999,234397505.88300002,180580383.232,53817122.65100002
2025-01-14,175123790.64900002,193209794.395,-18086003.745999992,261153941.96899998,243067938.22300002,18086003.745999962
2025-01-15,168941183.20499998,192763433.06,-23822249.85500002,262730989.64099997,238908739.78599998,23822249.85499999
2025-01-16,181339437.707,161240738.53,20098699.176999986,212465830.46,232564529.63700005,-20098699.177000046
2025-01-19,71516132.70300001,73490867.80399999,-1974735.1009999812,196657410.676,194682675.57500002,1974735.1009999812
2025-01-20,161917938.495,143471160.43,18446778.064999998,290021388.042,308468166.107,-18446778.064999998
2025-01-21,160489145.221,157473356.302,3015788.9189999998,326271024.953,329286813.872,-3015788.91899997
2025-01-22,333077677.307,247392184.70299998,85685492.604,357053705.52000004,442739198.12399995,-85685492.60399991
2025-01-23,226537131.302,218230777.082,8306354.219999999,354175538.78099996,362481893.001,-8306354.220000029
2025-01-26,96615438.42899999,117771060.08,-21155621.651000008,265391212.932,244235591.28100002,21155621.650999993
2025-01-27,143615999.70100003,131746639.01099999,11869360.690000042,210654809.18700004,222524169.87699997,-11869360.689999938
2025-01-28,126209974.373,140063434.72399998,-13853460.350999981,245086196.826,231232736.47499996,13853460.35100004
2025-01-29,118814243.723,111811176.953,7003066.770000011,203349926.72100002,210352993.491,-7003066.769999981
2025-01-30,182855702.834,159256101.1,23599601.733999997,257308849.34899998,280908451.083,-23599601.734000027
2025-02-02,95749336.28999999,95998889.93,-249553.6400000155,198015756.041,197766202.401,249553.6400000155
2025-02-03,188879262.35799998,206911124.832,-18031862.474000007,338222999.651,320191137.177,18031862.474000037
2025-02-04,197418106.513,203306028.813,-5887922.299999982,317653042.05300003,311765119.753,5887922.300000012
2025-02-05,233286580.943,254798767.47800002,-21512186.535000026,329178821.448,307666634.913,21512186.535000026
2025-02-06,143422642.379,176070613.204,-32647970.824999988,235109543.09300002,202461572.268,32647970.825000018
2025-02-09,64006174.45600001,73480295.343,-9474120.886999987,157451674.21400002,147977553.32700002,9474120.886999995
2025-02-10,151929139.639,185211956.261,-33282816.62200001,216316288.278,183033471.65600002,33282816.62199998
2025-02-12,252236587.726,296436808.445,-44200220.71899998,252128216.81800002,207927996.099,44200220.71900001
2025-02-13,139418538.04599997,186847943.677,-47429405.63100001,264990095.743,217560690.112,47429405.63100001
2025-02-16,98430354.167,91415416.421,7014937.745999992,215229921.651,222244859.397,-7014937.746000022
2025-02-17,116186813.95300001,170642999.873,-54456185.91999999,259908801.069,205452615.14900002,54456185.91999999
2025-02-18,185619404.237,218827957.752,-33208553.515000015,289071647.992,255863094.477,33208553.514999986
2025-02-19,197433743.779,202311500.041,-4877756.2619999945,251873852.03499997,246996095.773,4877756.261999965
2025-02-20,148864510.95700002,171564280.135,-22699769.177999973,223050321.27199998,200350552.094,22699769.177999973
2025-02-23,95236173.005,106006840.913,-10770667.908000007,248373104.20700002,237602436.29900002,10770667.907999992
2025-02-24,164951537.152,296242622.275,-131291085.12299997,430508806.96500003,299217721.84199995,131291085.12300009
2025-02-25,186521988.515,238421769.10099998,-51899780.585999995,335366552.985,283466772.399,51899780.586000025
2025-02-26,166848821.651,230579231.753,-63730410.102,287389088.90900004,223658678.807,63730410.10200003
2025-02-27,354898655.70100003,546390805.682,-191492149.981,457624268.357,266132118.37600002,191492149.98099998
2025-03-03,142270901.366,194234059.938,-51963158.572,238147017.447,186183858.87499997,51963158.57200003
2025-03-04,135670068.39200002,205349507.788,-69679439.39599997,246363235.67999998,176683796.284,69679439.39599997
2025-03-05,133072650.53,150102169.69599998,-17029519.16599998,229429607.052,212400087.88599998,17029519.16600001
2025-03-06,127793374.87200001,176081276.452,-48287901.57999998,290441620.432,242153718.852,48287901.57999998
2025-03-09,96445092.859,103242814.095,-6797721.236000001,227403090.031,220605368.795,6797721.236000001
2025-03-10,148859853.44,192016439.851,-43156586.41100001,242088597.71800002,198932011.30699998,43156586.41100004
2025-03-11,157726392.63,171406406.49600002,-13680013.866000026,236549809.36299998,222869795.49699998,13680013.865999997
2025-03-12,121168330.28,200272712.897,-79104382.61700001,300799750.163,221695367.546,79104382.61699998
2025-03-13,95820778.255,193243100.874,-97422322.61900002,285838468.706,188416146.087,97422322.61899996
2025-03-16,53607073.018999994,72660172.778,-19053099.759000003,176586648.48400003,157533548.72500002,19053099.759000003
2025-03-17,166260298.86699998,187669811.38300002,-21409512.516000032,273496158.46,252086645.944,21409512.515999973
2025-03-18,168928853.972,206133785.65600002,-37204931.684000015,305658518.81799996,268453587.134,37204931.683999956
2025-03-19,164330671.597,259836858.203,-95506186.606,301142788.246,205636601.64000002,95506186.60599998
2025-03-20,380893786.797,419932156.679,-39038369.88200003,230949253.484,191910883.602,39038369.882
2025-03-23,58676687.291,66006358.538,-7329671.247000001,152503860.253,145174189.00599998,7329671.247000009
2025-03-24,85222195.076,146994470.602,-61772275.52599999,220160787.352,158388511.82599998,61772275.52600002
2025-03-25,119384086.609,132305895.823,-12921809.214000002,194084078.11,181162268.896,12921809.214000016
2025-03-26,169064666.009,191149606.96100003,-22084940.952000022,221266160.727,199181219.77499998,22084940.952000022
2025-03-27,130167767.13099998,175290067.319,-45122300.18800002,235780577.747,190658277.559,45122300.18800002
2025-04-06,178198355.2,198573571.42000002,-20375216.22000003,376702860.97,356327644.75,20375216.22000003
2025-04-07,277545436.307,320649845.515,-43104409.208000004,403752231.817,360647822.60899997,43104409.208000004
2025-04-08,238912037.001,234916132.76999998,3995904.231000006,326768421.13399994,330764325.365,-3995904.231000066
2025-04-09,157710604.17400002,182091110.042,-24380505.86799997,280945966.808,256565460.93999997,24380505.86800006
2025-04-10,280566593.254,251023210.28,29543382.974000007,420480305.89599997,450023688.87,-29543382.974000037
2025-04-13,80177324.906,77629137.128,2548187.777999997,185457703.95099998,188005891.72899997,-2548187.777999997
2025-04-14,147807097.421,129194890.338,18612207.083000004,226656231.35099998,245268438.43400002,-18612207.083000034
2025-04-15,107926322.624,109188663.221,-1262340.5970000029,134402058.32299998,133139717.72600003,1262340.5969999582
2025-04-16,132897404.713,126200231.487,6697173.225999996,244991719.402,251688892.62800002,-6697173.226000011
2025-04-17,118694935.287,116053786.771,2641148.5160000026,197285178.48900002,199926327.00500003,-2641148.5160000026
2025-04-20,62344565.517,50690321.601,11654243.915999994,162486080.26299998,174140324.179,-11654243.916000009
2025-04-21,110380907.171,118312663.78299999,-7931756.611999989,303927499.81700003,295995743.205,7931756.612000048
2025-04-22,164020335.47100002,140527975.99,23492359.481000006,252796719.59999996,276289079.08100003,-23492359.481000066
2025-04-23,200375578.752,173448191.472,26927387.28,324186235.543,351113622.823,-26927387.28000003
2025-04-24,322883602.816,254756067.884,68127534.93199998,322777629.19,390905164.122,-68127534.93199998
2025-04-27,93288196.92999999,71062178.737,22226018.19299999,222978009.022,245204027.215,-22226018.19299999
2025-04-28,142248968.547,153355856.735,-11106888.188000023,252026906.291,240920018.103,11106888.188000023
2025-04-29,183944522.649,203354952.14600003,-19410429.49700004,286127897.52199996,266717468.025,19410429.49699995
2025-04-30,276970072.385,214879665.34899998,62090407.03600001,196935640.088,259026047.12399998,-62090407.03599998
2025-05-01,179936456.783,156571365.328,23365091.454999983,258568893.804,281933985.259,-23365091.455000013
2025-05-04,111530619.65200001,84843609.62799999,26687010.02400002,231515729.33200002,258202739.356,-26687010.02399999
2025-05-05,130469100.563,99066710.556,31402390.007,225786484.319,257188874.32599998,-31402390.00699997
2025-05-06,156567436.453,131835229.563,24732206.890000015,241329313.21799996,266061520.10799998,-24732206.890000015
2025-05-07,203234390.569,153313974.712,49920415.85699999,229988988.854,279909404.71099997,-49920415.85699996
2025-05-08,199974395.695,157884842.217,42089553.477999985,229554824.771,271644378.249,-42089553.478000015
2025-05-11,91063199.01900001,72202746.732,18860452.287000015,240667169.22900003,259527621.51600003,-18860452.287
2025-05-12,238612981.83100003,161814205.567,76798776.26400003,296887609.61399996,373686385.87799996,-76798776.264
2025-05-13,224800529.692,196771052.905,28029476.787,340956034.704,368985511.491,-28029476.787
2025-05-14,188332067.514,165787543.411,22544524.102999985,276557067.564,299101591.667,-22544524.102999985
2025-05-15,191822726.813,175573393.992,16249332.82099998,255007747.525,271257080.34599996,-16249332.82099995
2025-05-18,134568447.876,96536175.59300001,38032272.28299998,284870213.201,322902485.48399997,-38032272.28299999
2025-05-19,292409380.736,230201981.797,62207398.93900001,439940978.616,502148377.55499995,-62207398.93899995
2025-05-20,284312222.667,247682501.164,36629721.50299999,447254345.979,483884067.48199993,-36629721.50299996
2025-05-21,335409298.51,269321004.139,66088294.37099999,468947276.338,535035570.70900005,-66088294.37100005
2025-05-22,240209419.25200003,243870465.49799997,-3661046.2459999323,267688064.778,264027018.532,3661046.245999992
2025-05-25,83356501.919,71487099.69500001,11869402.223999992,190797596.285,202666998.509,-11869402.224000007
2025-05-26,177308570.273,175472046.171,1836524.101999998,291357783.084,293194307.186,-1836524.101999998
2025-05-27,179493160.899,215855755.02200004,-36362594.123000056,276193282.291,239830688.16799998,36362594.123000026
2025-05-28,150021085.81300002,219298451.655,-69277365.84199998,301050567.975,231773202.13300002,69277365.84200001
2025-05-29,887488901.308,1090985477.59,-203496576.28199995,553935378.787,350438802.505,203496576.28199995
2025-06-01,76625976.436,96978991.086,-20353014.64999999,239561267.066,219208252.416,20353014.650000006
2025-06-02,160182433.475,195530935.40399998,-35348501.92899999,219996547.743,184648045.814,35348501.92899999
2025-06-03,198510674.128,180119266.777,18391407.35099998,241006533.99599996,259397941.34699997,-18391407.35100001
2025-06-04,197503617.84399998,248210869.45999998,-50707251.616,296784639.729,246077388.113,50707251.61599997
2025-06-10,231172728.40899998,175290617.458,55882110.950999975,263713450.704,319595561.65500003,-55882110.951000035
2025-06-11,186049790.474,135553584.137,50496206.33700001,268770494.33500004,319266700.67200005,-50496206.33700001
2025-06-12,177215216.33999997,207430141.84100002,-30214925.501000047,273923752.563,243708827.062,30214925.501000017
2025-06-15,135000589.372,159950652.237,-24950062.86499998,372276610.188,347326547.323,24950062.86500001
2025-06-16,254171784.285,197745499.652,56426284.63299999,312354345.497,368780630.13,-56426284.633000016
2025-06-17,193748788.202,194776417.805,-1027629.603000015,307318248.4409999,306290618.838,1027629.6029999256
2025-06-18,142073376.306,157423008.55,-15349632.244000018,257327577.86900002,241977945.625,15349632.244000018
2025-06-19,816876189.203,799823247.026,17052942.176999927,280883112.08599997,297936054.263,-17052942.177000046
2025-06-22,93982245.755,96393227.48699999,-2410981.7319999933,263623905.134,261212923.402,2410981.7319999933
2025-06-23,199583392.139,177316683.756,22266708.382999986,268657255.41300005,290923963.796,-22266708.382999957
2025-06-24,276894360.97800004,228235713.73999998,48658647.238000065,411246536.56299996,459905183.80099994,-48658647.237999976
2025-06-25,237326663.503,184235218.347,53091445.15599999,247003775.08900002,300095220.245,-53091445.15599999
2025-06-26,219380719.395,174104000.30699998,45276719.08800003,236451534.204,281728253.292,-45276719.088
2025-06-29,138472881.34,107851546.32399999,30621335.016000018,268350798.445,298972133.461,-30621335.016000032
2025-06-30,224253370.95999998,213962989.01999998,10290381.939999998,257542870.66800004,267833252.608,-10290381.939999968
2025-07-01,126508601.386,101714982.112,24793619.274000004,181277046.171,206070665.445,-24793619.27399999
2025-07-02,163775093.846,150235973.467,13539120.378999978,218082040.72,231621161.09899998,-13539120.378999978
2025-07-03,159186881.738,115088452.91700001,44098428.820999995,214224124.376,258322553.197,-44098428.82100001
2025-07-06,81957730.93299998,61769802.098,20187928.834999986,183120197.98099998,203308126.81599998,-20187928.83500001
2025-07-07,152775000.213,132852062.877,19922937.335999995,234151659.65799996,254074596.99400002,-19922937.336000055
2025-07-08,173862281.89200002,148501591.23799998,25360690.654000044,257457448.995,282818139.64900005,-25360690.654000044
2025-07-09,148199020.123,134309191.98399997,13889828.139000028,172253078.814,186142906.953,-13889828.138999999
2025-07-10,198235827.107,167273269.425,30962557.68199998,218628103.13,249590660.812,-30962557.68200001
2025-07-13,101757044.97600001,79777114.21900001,21979930.757,177098903.57099998,199078834.328,-21979930.75700003
2025-07-14,150760819.534,147473998.285,3286821.249000013,195553638.791,198840460.04,-3286821.248999983
2025-07-15,194520963.38300002,158330750.12399998,36190213.25900003,200609344.16,236799557.419,-36190213.259
2025-07-16,262744052.002,250466161.656,12277890.346000016,300850409.951,313128300.297,-12277890.346000016
2025-07-17,341375021.27599996,251429010.8,89946010.47599995,318716012.6,408662023.07600003,-89946010.47600001
2025-07-20,96279115.19100001,86466571.208,9812543.98300001,277376239.11200005,287188783.09499997,-9812543.98299992
2025-07-21,216229388.621,185350949.459,30878439.162,284951814.67,315830253.832,-30878439.162
2025-07-22,199716805.419,176812484.973,22904320.44600001,248318533.40600002,271222853.852,-22904320.44599998
2025-07-23,221372912.768,161740761.222,59632151.546000004,300613060.006,360245211.55200005,-59632151.54600006
2025-07-24,195624955.288,168014952.461,27610002.826999992,286047721.194,313657724.02099997,-27610002.826999962
2025-07-27,90369881.16,64462961.512,25906919.647999994,187335582.424,213242502.072,-25906919.648000002
2025-07-28,145250547.977,166365638.765,-21115090.787999988,237592946.712,216477855.924,21115090.788000017
2025-07-29,168729808.933,141460482.439,27269326.493999988,220698477.773,247967804.267,-27269326.493999988
2025-07-30,125891491.55600001,102476539.70300001,23414951.853,182135706.67700002,205550658.53,-23414951.852999985
2025-07-31,344848051.461,253588800.10599998,91259251.35500005,276790724.011,368049975.366,-91259251.35500002
2025-08-03,94409020.83500001,83243310.361,11165710.474000007,208427884.09500003,219593594.569,-11165710.473999977
2025-08-04,158083253.118,133409239.02499999,24674014.09300001,205143432.74199998,229817446.835,-24674014.093000025
2025-08-05,216705880.185,131559997.194,85145882.991,272095218.16999996,357241101.161,-85145882.99100006
2025-08-06,195092017.757,166292137.49,28799880.26699999,345010174.28200006,373810054.549,-28799880.26699996
2025-08-07,231443460.38300002,138683978.255,92759482.12800002,306711832.768,399471314.89599997,-92759482.12799996
2025-08-10,119460740.76799999,103823670.658,15637070.109999985,331768822.388,347405892.49799997,-15637070.109999955
2025-08-11,174884032.21,174562484.979,321547.2310000062,418914038.208,419235585.439,-321547.2310000062
2025-08-12,227684320.09100002,163337685.428,64346634.66300002,352700415.016,417047049.67899996,-64346634.66299999
2025-08-13,262551416.57999998,199508847.30499998,63042569.275000006,405140123.95000005,468182693.22499996,-63042569.27499992
2025-08-14,243715138.431,228124349.792,15590788.638999999,378044516.94799995,393635305.587,-15590788.639000058
2025-08-17,101507662.925,100568358.93,939303.9949999899,251504796.62899998,252444100.62399998,-939303.9950000048
2025-08-18,146071601.734,166166338.50300002,-20094736.769000024,269031770.9,248937034.13099998,20094736.768999994
2025-08-19,154662332.621,165603726.99199998,-10941394.370999992,245479032.374,234537638.003,10941394.371000022
2025-08-20,147727718.30900002,158847271.13300002,-11119552.824000001,221338606.296,210219053.472,11119552.824000001
2025-08-21,112232809.977,115917074.712,-3684264.7349999994,235153272.40300003,231469007.66799998,3684264.735000044
2025-08-24,79626335.76099999,81757447.66499999,-2131111.903999999,184708838.306,182577726.40199998,2131111.904000014
2025-08-25,122831369.49999999,109666919.494,13164450.005999982,190086412.85500002,203250862.861,-13164450.005999982
2025-08-26,647537757.707,579163470.649,68374287.05799997,302613743.26199996,370988030.32,-68374287.05800003
2025-08-27,132169990.525,157366903.815,-25196913.28999999,213042403.084,187845489.794,25196913.28999999
2025-08-28,110216597.147,158607103.05,-48390505.90300001,253448571.15300003,205058065.25,48390505.90300003
2025-08-31,86724264.19399999,86693682.63,30581.56399999559,192519647.19099998,192550228.75500003,-30581.564000040293
2025-09-01,103619092.84200001,101413577.03099999,2205515.8110000193,175149484.45200002,177355000.263,-2205515.8109999895
2025-09-02,105393560.262,96625895.251,8767665.010999992,156167025.24999997,164934690.26100004,-8767665.011000067
2025-09-03,180930155.627,200695735.349,-19765579.722000003,222865121.223,203099541.501,19765579.722000003
2025-09-04,159442542.19099998,172281359.152,-12838816.961000025,267760517.72399998,254921700.763,12838816.960999966
2025-09-07,78651554.172,88483214.76999998,-9831660.597999975,195789249.754,185957589.15600002,9831660.59799999
2025-09-08,126127260.02999999,121339704.36299999,4787555.666999996,176681159.94599998,181468715.61299998,-4787555.666999996
2025-09-09,159521984.1,175089092.043,-15567107.943000019,234713682.981,219146575.03800002,15567107.942999989
2025-09-10,125424792.128,165770811.889,-40346019.76099999,230043928.034,189697908.27299997,40346019.76100004
2025-09-11,117189592.27099998,120655604.25500001,-3466011.984000027,178665995.212,175199983.228,3466011.984000027
2025-09-14,89441568.811,66719802.524,22721766.287000008,191748131.652,214469897.939,-22721766.287
2025-09-15,164650808.112,161222672.97300002,3428135.1389999688,235697958.74299997,239126093.882,-3428135.1390000284
2025-09-16,163876061.37600002,181566240.48000002,-17690179.104000002,379418949.289,361728770.18500006,17690179.103999913
2025-09-17,216510357.32999998,184470287.083,32040070.24699998,371406133.11,403446203.35699993,-32040070.24699992
2025-09-18,716059381.336,620446946.212,95612435.12399995,257195983.15199998,352808418.276,-95612435.12400004
2025-09-21,134830770.149,123506109.075,11324661.073999986,277528996.091,288853657.16499996,-11324661.073999941
2025-09-22,141392476.093,173452532.977,-32060056.884000003,319491410.62000006,287431353.736,32060056.884000063
2025-09-23,183313847.993,175999257.64299998,7314590.350000024,285177560.66499996,292492151.01500005,-7314590.350000083
2025-09-24,174536840.471,231110052.76900002,-56573212.29800004,398132634.918,341559422.62,56573212.29799998
2025-09-25,137117353.64,224478841.642,-87361488.002,279744950.427,192383462.42499998,87361488.002
2025-09-28,71149106.029,89774185.075,-18625079.046000004,174440855.35000002,155815776.304,18625079.046000034
2025-09-29,161199843.67,171503067.679,-10303224.009000003,204019458.78300002,193716234.77400002,10303224.009000003
2025-09-30,210093311.801,243580926.85000002,-33487615.049000025,282343046.06499994,248855431.016,33487615.048999935
2025-10-01,116523161.63,151536040.196,-35012878.566000015,213673698.781,178660820.21499997,35012878.566000015
2025-10-02,135240963.025,149506507.13,-14265544.10499999,310379009.72999996,296113465.62500006,14265544.1049999
2025-10-05,53693907.688,42208578.331,11485329.357,171762624.823,183247954.18,-11485329.356999993
2025-10-06,123604622.674,124990128.37,-1385505.6960000098,193679973.514,192294467.818,1385505.6960000098
2025-10-07,106633147.95599999,91935907.79800001,14697240.157999977,170832780.69799998,185530020.85599998,-14697240.157999992
2025-10-08,117034589.229,112339880.738,4694708.490999997,215427518.731,220122227.222,-4694708.490999997
2025-10-09,117688326.509,95482362.257,22205964.252000004,144273826.94300002,166479791.195,-22205964.251999974
2025-10-12,80042893.317,95460720.656,-15417827.339000002,208913476.389,193495649.05,15417827.338999987
2025-10-13,144511759.01200002,144655072.315,-143313.3029999733,206424853.333,206281540.03,143313.3030000031
2025-10-14,148453059.40600002,196233430.03900003,-47780370.633000016,223593627.942,175813257.309,47780370.633000016
2025-10-15,164148080.44300002,158311860.426,5836220.01700002,198674321.0,204510541.01700002,-5836220.01700002
2025-10-16,201100649.116,161979408.132,39121240.984,228304315.267,267425556.251,-39121240.984
2025-10-19,76904732.067,72098561.023,4806171.044,164079016.152,168885187.19599998,-4806171.04399997
2025-10-20,111423716.647,115587109.74700001,-4163393.100000009,190596124.05999997,186432730.96,4163393.0999999642
2025-10-21,115211413.44500001,104069937.611,11141475.834000006,165285870.138,176427345.972,-11141475.833999991
2025-10-22,132325408.69799998,101922325.028,30403083.669999987,181319153.13500002,211722236.805,-30403083.669999987
2025-10-23,133222092.051,107322500.0,25899592.051,180856223.112,206755815.16300002,-25899592.05100003
2025-10-26,70174519.634,59829514.996,10345004.638000004,146921138.42900002,157266143.067,-10345004.637999982
2025-10-27,116977377.74700001,128478009.73400001,-11500631.987000003,170139326.35000002,158638694.363,11500631.987000018
2025-10-28,287594116.58699995,221635581.963,65958534.62399995,191988027.358,257946561.98200002,-65958534.62400001
2025-10-29,149064195.55499998,107676663.483,41387532.07199998,150241070.884,191628602.956,-41387532.072
2025-10-30,219272074.959,144684503.192,74587571.76699999,145947535.847,220535107.61400002,-74587571.76700002
2025-11-02,85735287.078,95781885.607,-10046598.529,195195570.99,185148972.46099997,10046598.529000044
2025-11-03,175459794.023,156690301.321,18769492.701999992,181161941.04500002,199931433.74699998,-18769492.701999962
2025-11-04,148322072.073,118927017.772,29395054.301000014,169859475.955,199254530.256,-29395054.301
2025-11-05,117269599.025,127509905.45300001,-10240306.428000003,199784252.19099998,189543945.763,10240306.427999973
2025-11-06,205905803.071,159668264.649,46237538.42200002,189720385.91,235957924.332,-46237538.42199999
2025-11-09,73870500.287,58378268.801,15492231.486000001,126533537.479,142025768.965,-15492231.486000001
2025-11-10,147957741.794,126475759.806,21481981.988000005,158983998.16899997,180465980.157,-21481981.988000035
2025-11-11,174344685.623,121659336.182,52685349.441,198535706.24899998,251221055.69,-52685349.441000015
2025-11-12,164628807.851,156840949.88,7787857.971000016,170232697.43099996,178020555.40199998,-7787857.971000016
2025-11-13,155835864.467,180890810.79299998,-25054946.325999975,223277516.68199998,198222570.356,25054946.325999975
2025-11-16,57856198.485,91456457.463,-33600258.978,160883823.65,127283564.67199999,33600258.978000015
2025-11-17,130499915.527,174960557.09,-44460641.56300001,242716980.523,198256338.95999998,44460641.56300002
2025-11-18,173680369.393,268193819.11,-94513449.71700001,276245556.833,181732107.116,94513449.71700001
2025-11-19,175105506.411,201275542.543,-26170036.132,270257020.239,244086984.107,26170036.13200003
2025-11-20,224821970.939,355731640.048,-130909669.10899997,298319192.24899995,167409523.14,130909669.10899997
2025-11-23,102019089.124,111360333.972,-9341244.848000005,156857788.35399997,147516543.50599998,9341244.84799999
2025-11-24,840971472.714,860398566.135,-19427093.421000004,237907015.014,218479921.59299996,19427093.421000034
2025-11-25,207530639.78000003,226568464.65,-19037824.869999975,182367940.118,163330115.248,19037824.870000005
2025-11-26,196768142.772,182645051.09600002,14123091.675999999,239863015.10300002,253986106.77899998,-14123091.67599997
2025-11-27,159399231.72,161585223.2,-2185991.4799999893,240160987.877,237974996.39699998,2185991.480000019
2025-11-30,51110876.282,61742839.612,-10631963.330000006,158663839.922,148031876.592,10631963.329999983
2025-12-01,159704627.504,157060315.703,2644311.800999999,184961665.07,187605976.87100002,-2644311.801000029
2025-12-02,193668577.00600004,189046643.42,4621933.586000055,231861634.62700003,236483568.21300003,-4621933.5859999955
2025-12-03,119010684.24700001,123371977.689,-4361293.441999987,152745274.682,148383981.23999998,4361293.4420000315
2025-12-04,173222845.572,198383383.339,-25160537.76699999,192387063.23399997,167226525.46699998,25160537.76699999
2025-12-07,86056750.089,111703185.595,-25646435.505999997,148371985.346,122725549.84,25646435.505999982
2025-12-08,155812775.254,150404744.751,5408030.503000021,136148678.338,141556708.84099996,-5408030.502999961
2025-12-09,259191210.96400002,165181885.72800002,94009325.236,147111478.626,241120803.862,-94009325.236
2025-12-10,144201740.933,103477215.616,40724525.317,145723995.89099997,186448521.208,-40724525.31700003
2025-12-11,115546185.618,92226593.552,23319592.066,141120381.149,164439973.21499997,-23319592.065999985
2025-12-14,64370376.825,82609383.163,-18239006.338,148880101.274,130641094.93600002,18239006.33799997
2025-12-15,175272585.79500002,206383889.699,-31111303.903999984,204070335.268,172959031.36400002,31111303.903999984
2025-12-16,106652502.711,132102757.966,-25450255.25500001,157132405.51099998,131682150.256,25450255.25499998
2025-12-17,488452193.061,474891025.86600006,13561167.194999933,173579141.99099997,187140309.186,-13561167.195000023
2025-12-21,66932600.617,60849023.129999995,6083577.487000003,140982557.993,147066135.48,-6083577.486999989
2025-12-22,125832124.791,93625693.25299999,32206431.538000003,142021016.609,174227448.14699998,-32206431.537999988
2025-12-23,128474306.44,119971188.491,8503117.949000001,162037769.156,170540887.10500002,-8503117.94900003
2025-12-24,68402900.257,57653198.814,10749701.442999996,148361594.892,159111296.335,-10749701.443000019
2025-12-25,26675537.318000004,28181358.434,-1505821.1159999967,129973365.445,128467544.329,1505821.1159999967
2025-12-28,27257400.487,32157035.297,-4899634.809999999,155296923.924,150397289.114,4899634.810000002
2025-12-29,80387580.709,79687573.699,700007.0100000054,194775809.449,195475816.45900005,-700007.0100000501
2025-12-30,113263760.034,103358799.705,9904960.328999996,196793091.5,206698051.829,-9904960.328999996
2025-12-31,99199152.1,126502253.951,-27303101.85100001,195041518.25100002,167738416.39999998,27303101.85100004
2026-01-04,77177524.133,67492964.08,9684560.053000003,187292613.295,196977173.348,-9684560.053000003
2026-01-05,240234334.839,141690601.645,98543733.19399998,213301420.34600002,311845153.54,-98543733.194
2026-01-06,273439000.047,195252231.839,78186768.208,261334520.22399998,339521288.432,-78186768.208
2026-01-07,214420641.18200004,139299846.099,75120795.08300003,184281514.998,259402310.081,-75120795.083
2026-01-08,161831379.977,142162514.412,19668865.564999998,189610564.63,209279430.195,-19668865.564999998
2026-01-11,115210565.484,74434894.79,40775670.69399999,179329687.295,220105357.989,-40775670.694000006
2026-01-12,213292523.24400002,132015708.826,81276814.41800001,174326310.028,255603124.446,-81276814.41800001
2026-01-13,283070949.948,200355798.43800002,82715151.50999999,214406731.754,297121883.26399994,-82715151.50999993
2026-01-14,232453446.79599997,195666586.688,36786860.10799998,199995658.31599998,236782518.42400002,-36786860.10800004
2026-01-15,183064861.32,188253205.17200002,-5188343.852000028,207855494.203,202667150.35099998,5188343.852000028
2026-01-18,115503457.616,92697918.074,22805539.541999996,238163792.763,260969332.305,-22805539.541999996
2026-01-19,180023998.482,127510856.203,52513142.279,151803542.05100003,204316684.32999998,-52513142.278999954
2026-01-20,239505945.82999998,207812473.135,31693472.694999993,192312152.25599998,224005624.951,-31693472.695000023
2026-01-21,222770366.676,188958070.056,33812296.620000005,167581124.319,201393420.939,-33812296.620000005
2026-01-22,442620628.98899996,260977875.84500003,181642753.14399993,185222305.78100002,366865058.925,-181642753.144
2026-01-25,97745746.572,124146191.29200001,-26400444.720000014,203378364.76000002,176977920.04,26400444.72000003
2026-01-26,299109717.27,180102057.158,119007660.11199999,217717810.593,336725470.705,-119007660.11199999
2026-01-27,315469861.869,249992308.09600002,65477553.773,230031972.72099996,295509526.494,-65477553.77300006
2026-01-28,266487431.996,182592109.75199997,83895322.24400002,196492751.45900002,280388073.703,-83895322.24399999
2026-01-29,418085707.758,392425379.33500004,25660328.422999978,271805300.03300005,297465628.456,-25660328.42299992
2026-02-01,105667209.947,90949847.71700001,14717362.22999999,186368002.944,201085365.17399997,-14717362.22999996
2026-02-02,227642561.138,147127440.98000002,80515120.15799999,186153339.797,266668459.955,-80515120.15800002
2026-02-03,237808250.035,169146004.689,68662245.34599999,224106863.56699997,292769108.913,-68662245.34600002
2026-02-04,196391782.296,158463138.43600002,37928643.859999985,197724747.13,235653390.99,-37928643.860000014
2026-02-05,149424025.625,126218851.721,23205173.904,161820467.275,185025641.17900002,-23205173.904000014
2026-02-08,126009890.68900001,119735980.08,6273910.609000012,192961026.18699998,199234936.796,-6273910.609000027
2026-02-09,290759298.293,213778530.076,76980768.21699998,241556735.667,318537503.88400006,-76980768.21700007
2026-02-11,266215534.989,199427401.241,66788133.747999996,211615080.97,278403214.718,-66788133.747999996
2026-02-12,237949101.627,168023194.84500003,69925906.78199998,234962209.157,304888115.939,-69925906.782
2026-02-15,132175062.723,95014183.753,37160878.97,217119094.34100002,254279973.31100002,-37160878.97
2026-02-16,208160537.072,195936594.80900002,12223942.262999982,221629959.73799998,233853902.001,-12223942.263000011
2026-02-17,163248035.68,153941399.783,9306635.897000015,214323517.54900002,223630153.446,-9306635.896999985
2026-02-18,209962585.81100002,157651988.80600002,52310597.004999995,187251524.48799998,239562121.493,-52310597.005000025
2026-02-19,199838597.744,263507509.80200002,-63668912.05800003,275091046.831,211422134.773,63668912.05799997
2026-02-22,67207286.57000001,78532110.522,-11324823.951999992,169422333.365,158097509.413,11324823.952000022
2026-02-23,245712428.093,195672238.67200002,50040189.420999974,203635692.5,253675881.921,-50040189.421000004
2026-02-24,266625907.001,219316063.264,47309843.73699999,200380045.42999998,247689889.16699997,-47309843.73699999
2026-02-25,201264484.694,177033120.89,24231363.80400002,205153579.711,229384943.515,-24231363.80399999
2026-02-26,804862454.5250001,957742929.2490001,-152880474.72399998,377316947.595,224436472.871,152880474.72400004
2026-03-02,338596982.296,494044667.562,-155447685.26599997,418736879.883,263289194.617,155447685.266
2026-03-03,198910497.752,281563713.10800004,-82653215.35600004,301179126.69299996,218525911.337,82653215.35599995
2026-03-04,245558785.60400003,372838987.003,-127280201.39899999,357293620.308,230013418.90899998,127280201.39900005
2026-03-05,263469725.159,327958278.907,-64488553.747999996,379621774.07100004,315133220.323,64488553.748000026
2026-03-08,154243337.27600002,182583444.053,-28340106.77699998,302132441.0,273792334.223,28340106.77700001
2026-03-09,160083005.566,279530980.844,-119447975.27799997,338036372.41300005,218588397.135,119447975.27800006
2026-03-10,223812426.97399998,283244109.82199997,-59431682.84799999,319824356.555,260392673.70700002,59431682.84799999
2026-03-11,159240680.992,191222782.512,-31982101.51999998,235415963.49400002,203433861.974,31982101.52000001
2026-03-12,155600435.582,207362721.266,-51762285.684000015,247853698.437,196091412.75300002,51762285.683999985
2026-03-15,85472625.869,108741533.477,-23268907.607999995,246724310.033,223455402.425,23268907.60799998
2026-03-16,145040172.614,202658687.618,-57618515.00400001,226638763.01500002,169020248.01099998,57618515.00400004
2026-03-17,150735115.134,164000124.45200002,-13265009.318000019,360500941.48,347235932.162,13265009.318000019
2026-03-18,835060172.197,1014198390.172,-179138217.97500002,435480205.825,256341987.84999996,179138217.97500002
2026-03-24,365208114.8159999,430925190.21800005,-65717075.40200013,383500519.625,317783444.223,65717075.40200001
2026-03-25,205335570.505,244486241.071,-39150670.566000015,306749368.695,267598698.129,39150670.565999985
2026-03-26,199466149.50700003,245945072.68,-46478923.17299998,257665611.054,211186687.881,46478923.17299998
2026-03-29,58015134.752,100812309.10599999,-42797174.353999995,206573234.25800002,163776059.904,42797174.354
2026-03-30,230573603.92299998,232322822.257,-1749218.3340000212,296051576.58000004,294302358.246,1749218.334000051
2026-03-31,314387046.509,330425411.17199993,-16038364.662999928,329310645.03999996,313272280.37700003,16038364.662999928
2026-04-01,240823568.412,290642720.967,-49819152.55500001,413291107.41199994,363471954.857,49819152.55499995
2026-04-02,127174167.28699999,137917020.84399998,-10742853.556999996,214470180.06199998,203727326.505,10742853.556999981
2026-04-05,29593276.163000003,32021383.503,-2428107.339999996,123500699.47299999,121072592.13300002,2428107.339999974
2026-04-06,106735667.13800001,103780032.033,2955635.105000004,307135607.82,310091242.925,-2955635.105000019
2026-04-07,161674004.287,221685710.063,-60011705.77599999,316581413.09499997,256569707.319,60011705.77599996
2026-04-08,370534247.759,256896456.083,113637791.676,451366104.253,565003895.929,-113637791.676
2026-04-09,213479347.34399998,210693866.56599998,2785480.777999997,241662843.37800002,244448324.156,-2785480.7779999673
2026-04-12,88996002.185,105428488.878,-16432486.693000004,273167800.17099994,256735313.47800002,16432486.69299993
2026-04-13,235312839.96300003,228527062.972,6785776.991000026,294980302.31,301766079.301,-6785776.990999997
2026-04-14,212142736.55,211429150.442,713586.1080000103,382656357.5439999,383369943.65199995,-713586.10800004
2026-04-15,230661333.235,232118250.326,-1456917.0909999907,318893659.576,317436742.485,1456917.090999961
2026-04-16,242235739.445,264966669.946,-22730930.501000017,316250970.606,293520040.105,22730930.500999987
2026-04-19,126781500.394,142136003.453,-15354503.059000015,289131656.47,273777153.41099995,15354503.059000075
2026-04-20,153023430.68199998,188595609.243,-35572178.56100002,298723424.565,263151246.00399998,35572178.56100002
2026-04-21,142548587.53,157846932.702,-15298345.171999991,334466437.48899996,319168092.31700003,15298345.171999931
2026-04-22,147603110.17000002,159894976.92700002,-12291866.757,342709514.71999997,330417647.963,12291866.75699997
2026-04-23,136366265.508,184692158.92700002,-48325893.41900003,312454296.025,264128402.606,48325893.41899997
2026-04-26,110855218.218,109732233.111,1122985.1069999933,315468615.291,316591600.39800006,-1122985.107000053
2026-04-27,148874921.46199998,161009020.203,-12134098.741000026,300345633.851,288211535.11,12134098.740999997
2026-04-28,159480763.273,188798555.746,-29317792.47299999,351969165.092,322651372.61899996,29317792.47300005
2026-04-29,154775832.891,177928077.71699998,-23152244.825999975,327644387.663,304492142.837,23152244.825999975
2026-04-30,176028446.473,284640510.75,-108612064.27700001,393966274.979,285354210.70199996,108612064.27700001
2026-05-03,57205829.365,56779701.398,426127.9670000002,182452205.117,182878333.084,-426127.9669999778
2026-05-04,142508065.228,151601711.013,-9093645.785000026,308873798.93100005,299780153.146,9093645.785000026
2026-05-05,96096353.836,119056834.342,-22960480.505999997,231132573.58,208172093.074,22960480.506000012
2026-05-06,173824927.236,176499461.49,-2674534.254000008,313434225.391,310759691.13699996,2674534.254000008
2026-05-07,185532146.85500002,200346388.277,-14814241.421999991,384922736.185,370108494.763,14814241.421999991
2026-05-10,69942287.27900001,84915190.349,-14972903.069999993,230898796.914,215925893.84399998,14972903.070000023
2026-05-11,178370615.90700004,186603312.624,-8232696.716999978,298939387.70100003,290706690.98399997,8232696.717000067
2026-05-12,121741165.65700002,192228092.25800002,-70486926.601,295087853.291,224600926.69000003,70486926.60099998
2026-05-13,130960677.97399999,157104298.556,-26143620.582000002,275227341.131,249083720.549,26143620.581999987
2026-05-14,123334580.839,149295742.345,-25961161.505999997,228765098.20499998,202803936.699,25961161.505999982
2026-05-17,59214582.652,54902206.366,4312376.286000006,172839476.023,177151852.30900002,-4312376.286000013
2026-05-18,116402841.188,161246759.843,-44843918.655,293214994.841,248371076.18600002,44843918.655
2026-05-19,146640395.938,177899308.44599998,-31258912.507999986,250888925.709,219630013.201,31258912.507999986
2026-05-20,141986647.137,169717015.50100002,-27730368.364000022,238747475.39900002,211017107.035,27730368.364000022
2026-05-21,144457040.067,157136129.337,-12679089.27000001,223466883.507,210787794.23700002,12679089.26999998
2026-05-24,179717285.301,148922711.02199998,30794574.279000014,354253596.668,385048170.94699997,-30794574.278999984
2026-05-25,748197427.4360001,852771149.5300001,-104573722.09399998,409574209.33599997,305000487.242,104573722.09399998
2026-05-31,107795021.98,128003613.836,-20208591.85599999,280654556.81700003,260445964.96100003,20208591.856000006
2026-06-01,241265935.561,358804867.658,-117538932.097,342082420.25899994,224543488.162,117538932.09699994
2026-06-02,141829600.69399998,179410310.514,-37580709.82000002,230121141.104,192540431.28399998,37580709.82000002
2026-06-03,99708076.62099999,119811104.806,-20103028.185000002,209310643.122,189207614.93699998,20103028.185000032
2026-06-04,107418080.36,147837076.15,-40418995.79000001,227670112.064,187251116.274,40418995.79000002
