date,open,high,low,close,volume,value_traded,total_trades
2024-01-02,10830.630000000001,10830.630000000001,10674.23,10708.460000000001,189857743,576244640.053,18554
2024-01-03,10708.460000000001,10708.460000000001,10368.94,10385.56,198691055,595897544.801,19751
2024-01-04,10385.56,10452.42,10268.01,10433.85,145221743,451191215.908,17295
2024-01-07,10433.85,10510.06,10422.26,10443.84,146538155,378836409.781,13265
2024-01-08,10443.84,10483.15,10436.85,10483.15,140227970,401863830.239,17868
2024-01-09,10483.15,10502.58,10414.91,10416.52,130429709,379700115.533,15193
2024-01-10,10416.52,10452.65,10375.2,10444.880000000001,131844490,380632363.505,15296
2024-01-11,10444.880000000001,10527.0,10440.23,10465.74,133072889,451399468.956,13490
2024-01-14,10465.74,10540.67,10465.74,10509.85,153583043,372403772.765,11812
2024-01-15,10509.85,10552.95,10507.95,10533.74,150535356,477057427.557,16779
2024-01-16,10533.74,10547.9,10459.15,10498.31,132880221,449172219.853,14402
2024-01-17,10498.31,10529.31,10401.92,10401.92,117445623,475617376.668,14925
2024-01-18,10401.92,10447.02,10315.57,10318.74,332427085,1161987974.113,36592
2024-01-21,10318.74,10392.61,10282.710000000001,10290.630000000001,259513762,674448617.213,23689
2024-01-22,10290.630000000001,10404.300000000001,10290.630000000001,10369.56,366819778,1031772114.126,33674
2024-01-23,10369.56,10416.22,10361.7,10362.29,138829253,467980590.9,15013
2024-01-24,10362.29,10401.68,10345.48,10373.09,186570044,588416956.956,18342
2024-01-25,10373.09,10390.08,10343.93,10347.550000000001,147313194,439317783.808,15769
2024-01-28,10347.550000000001,10399.130000000001,10342.9,10347.210000000001,104734180,299432581.798,11208
2024-01-29,10347.210000000001,10371.85,10151.98,10151.98,142724857,459917449.111,17519
2024-01-30,10151.98,10215.1,10075.78,10109.86,143703958,482783755.84,17417
2024-01-31,10109.86,10166.550000000001,10040.49,10089.2,147219831,515528478.495,16114
2024-02-01,10089.2,10100.74,10014.89,10049.36,143105236,423632043.164,14310
2024-02-04,10049.36,10055.76,9984.24,10040.49,103802876,281314482.06,10310
2024-02-05,10040.49,10040.6,9851.08,9887.51,117289484,397742744.487,15675
2024-02-06,9887.51,9901.23,9818.16,9901.23,101361803,329901391.555,14799
2024-02-07,9901.23,9990.960000000001,9873.07,9990.14,149283863,488669291.862,18155
2024-02-08,9990.14,10064.99,9928.93,9960.7,146013402,454057455.38,17544
2024-02-11,9960.7,10134.72,9960.7,10044.29,98502099,341162682.483,11846
2024-02-12,10044.29,10101.880000000001,10016.73,10093.19,183953654,597553119.121,19006
2024-02-14,10093.19,10212.26,10081.92,10212.26,162820049,553312744.402,21260
2024-02-15,10212.26,10252.53,10118.95,10154.52,207873885,575853231.2,21775
2024-02-18,10154.52,10227.34,10146.77,10211.45,196259137,454527544.043,17377
2024-02-19,10211.45,10310.81,10169.79,10299.800000000001,219382002,601587832.354,24876
2024-02-20,10299.800000000001,10310.67,10262.23,10308.49,172133604,482260118.028,18185
2024-02-21,10308.49,10365.23,10277.49,10365.23,152609434,453637709.174,17760
2024-02-22,10365.23,10365.23,10257.28,10303.24,171348178,515416037.39,19863
2024-02-25,10303.24,10451.81,10301.27,10410.29,272797623,745762910.422,20447
2024-02-26,10410.29,10459.99,10398.16,10449.14,216022548,620706873.038,22151
2024-02-27,10449.14,10496.94,10414.9,10496.94,282655602,716928268.246,22043
2024-02-28,10496.94,10507.65,10465.51,10487.1,223178484,627452947.225,21796
2024-02-29,10487.1,10520.52,10452.210000000001,10474.91,417338393,1519782702.772,20366
2024-03-04,10474.91,10529.57,10452.2,10473.04,194396722,546629018.778,19217
2024-03-05,10473.04,10481.77,10363.72,10384.550000000001,177376700,544682951.661,17646
2024-03-06,10384.550000000001,10384.550000000001,10281.62,10303.52,142467644,480737973.81,15225
2024-03-07,10303.52,10303.52,10154.12,10230.22,130840187,439321800.074,14582
2024-03-10,10230.22,10260.15,10219.04,10235.1,125804134,367391467.093,10771
2024-03-11,10235.1,10235.32,10183.64,10190.79,117623428,388241137.141,13740
2024-03-12,10190.79,10233.43,10185.95,10190.65,135453573,384804063.055,14524
2024-03-13,10190.65,10246.130000000001,10183.06,10192.130000000001,172154421,432075820.627,16273
2024-03-14,10192.130000000001,10283.35,10192.130000000001,10256.050000000001,343188227,1233007212.721,21227
2024-03-17,10256.050000000001,10287.73,10207.67,10257.98,117816961,332343798.514,10565
2024-03-18,10257.98,10293.06,10224.460000000001,10259.95,175472506,495705152.429,15498
2024-03-19,10259.95,10303.85,10224.28,10227.62,142414496,430125764.531,13728
2024-03-20,10227.62,10246.0,10200.880000000001,10203.460000000001,116064459,341570212.653,13833
2024-03-21,10203.460000000001,10250.23,10187.4,10211.22,136065067,386916909.183,13601
2024-03-24,10211.22,10258.36,10211.22,10214.75,105744949,275257956.51,9725
2024-03-25,10214.75,10216.41,10052.62,10092.68,136240475,461716179.314,16355
2024-03-26,10092.68,10103.24,10026.1,10026.1,177457986,584669268.741,15004
2024-03-27,10026.1,10033.93,9958.01,9958.01,123196673,428347384.79,14209
2024-03-28,9958.01,10007.4,9927.6,9943.61,145994710,468363576.176,15051
2024-03-31,9943.61,9971.33,9847.1,9847.1,123105711,301072801.094,9962
2024-04-01,9847.1,9871.800000000001,9791.300000000001,9864.41,146263240,545992180.963,14749
2024-04-02,9864.41,9883.07,9794.48,9794.48,134315590,417708567.656,14994
2024-04-03,9794.48,9843.43,9685.050000000001,9691.93,145060363,493269532.789,18968
2024-04-04,9691.93,9838.95,9691.93,9816.300000000001,191867089,549170619.938,19238
2024-04-07,9816.300000000001,9926.66,9816.300000000001,9910.16,114860323,306503262.226,9300
2024-04-08,9910.16,9928.98,9888.630000000001,9924.16,116808080,315389744.678,12626
2024-04-14,9924.16,9924.16,9739.26,9844.36,116508173,324514405.086,11698
2024-04-15,9844.36,9944.84,9843.7,9921.37,214869050,653025241.114,21206
2024-04-16,9921.37,9942.22,9853.16,9853.16,150862943,492392138.036,15360
2024-04-17,9853.16,9877.61,9819.710000000001,9853.25,132951797,365197700.095,14633
2024-04-18,9853.25,9907.380000000001,9829.27,9829.27,162494560,513396881.649,18155
2024-04-21,9829.27,9876.710000000001,9789.19,9792.41,146123192,357811446.315,11556
2024-04-22,9792.41,9817.16,9664.45,9664.86,138892554,479003292.614,15580
2024-04-23,9664.86,9730.97,9652.380000000001,9711.02,126765934,425598168.484,15691
2024-04-24,9711.02,9741.87,9665.880000000001,9665.880000000001,172286339,587407475.931,17222
2024-04-25,9665.880000000001,9704.7,9635.14,9637.59,147067918,431623178.402,15143
2024-04-28,9637.59,9701.97,9637.59,9667.18,88300614,227426849.822,8420
2024-04-29,9667.18,9751.68,9667.18,9743.97,156885430,418229931.869,14517
2024-04-30,9743.97,9792.31,9691.98,9727.01,191943973,537424353.448,18697
2024-05-01,9727.01,9754.41,9706.99,9708.89,168594956,478172305.83,15279
2024-05-02,9708.89,9743.84,9604.83,9610.800000000001,159536485,495542458.286,17003
2024-05-05,9610.800000000001,9692.92,9610.800000000001,9690.050000000001,164826730,421190432.243,11597
2024-05-06,9690.050000000001,9713.68,9628.960000000001,9638.86,184780618,473232840.963,16203
2024-05-07,9638.86,9683.53,9576.880000000001,9618.57,188270408,477827030.365,16490
2024-05-08,9618.57,9648.300000000001,9584.82,9622.960000000001,249579498,686166788.297,22681
2024-05-09,9622.960000000001,9683.65,9611.97,9633.04,212461451,615032720.266,20090
2024-05-12,9633.04,9700.380000000001,9632.97,9643.960000000001,146518897,368971565.943,10955
2024-05-13,9643.960000000001,9683.26,9639.65,9668.72,274997104,497426241.222,16414
2024-05-14,9668.72,9706.81,9645.87,9646.28,206593449,476834238.78,16342
2024-05-15,9646.28,9708.09,9616.630000000001,9628.36,240160780,562438804.254,19703
2024-05-16,9628.36,9706.07,9626.24,9702.53,173299936,479121940.082,15847
2024-05-19,9702.53,9750.880000000001,9698.08,9707.81,145590636,359736761.836,12386
2024-05-20,9707.81,9726.56,9648.03,9677.17,205262319,520573027.371,17965
2024-05-21,9677.17,9716.34,9661.35,9716.34,162616503,528624416.836,17740
2024-05-22,9716.34,9729.73,9695.77,9707.960000000001,189175410,523708769.475,19211
2024-05-23,9707.960000000001,9710.91,9562.14,9562.14,174513090,445439791.515,17338
2024-05-26,9562.14,9566.460000000001,9383.12,9396.07,125480913,352474476.497,12884
2024-05-27,9396.07,9416.51,9293.7,9332.39,141900693,445905762.125,16798
2024-05-28,9332.39,9418.33,9320.07,9376.880000000001,105439615,398112212.982,17360
2024-05-29,9376.880000000001,9392.56,9261.08,9279.050000000001,163080966,497275689.717,18852
2024-05-30,9279.050000000001,9365.14,9165.64,9319.1,347815618,1430133501.076,26776
2024-06-02,9319.1,9453.98,9319.1,9385.45,127175128,353128733.997,13218
2024-06-03,9385.45,9427.460000000001,9378.68,9408.52,137249434,431258628.309,15419
2024-06-04,9408.52,9497.98,9408.52,9463.93,157084046,490227434.904,18441
2024-06-05,9463.93,9491.87,9461.04,9491.460000000001,151639092,503029230.934,17356
2024-06-06,9491.460000000001,9533.23,9468.24,9532.41,157012504,423712597.975,14343
2024-06-09,9532.41,9577.710000000001,9519.65,9570.69,163075722,387038831.536,12261
2024-06-10,9570.69,9613.4,9551.34,9604.45,151135443,393311259.423,14701
2024-06-11,9604.45,9635.77,9603.36,9631.6,165194171,408563300.628,14976
2024-06-12,9631.6,9673.78,9600.880000000001,9645.87,180278801,538693551.662,17682
2024-06-13,9645.87,9678.67,9622.35,9667.0,151804743,499273162.55,18635
2024-06-19,9667.0,9714.36,9644.45,9686.86,92932730,312694989.016,13538
2024-06-20,9686.86,9732.16,9686.86,9702.17,169173635,767886351.473,16065
2024-06-23,9702.17,9742.0,9695.14,9716.94,102385131,359462117.749,10423
2024-06-24,9716.94,9772.2,9716.33,9772.2,121610073,394733585.59,14905
2024-06-25,9831.050000000001,9815.42,9800.42,9827.42,149085129,427794233.984,16473
2024-06-26,9827.42,9873.65,9825.32,9870.99,137122857,503936628.026,17110
2024-06-27,9870.99,9969.12,9852.32,9961.57,170518138,512808372.066,18975
2024-06-30,9961.57,9998.36,9957.15,9964.48,116749431,303241162.552,9976
2024-07-01,9964.48,10006.52,9961.210000000001,10006.52,133370645,404442068.167,16394
2024-07-02,10006.52,10021.380000000001,9985.7,10006.07,134895321,413446331.534,16015
2024-07-03,10006.07,10053.210000000001,9999.47,10053.15,105654689,351451558.051,14714
2024-07-04,10053.15,10087.11,10053.15,10073.18,130053107,429053328.218,12657
2024-07-07,10073.18,10134.32,10073.18,10123.050000000001,146146278,310526036.302,10377
2024-07-08,10123.050000000001,10156.86,10095.99,10156.86,153715282,461760302.962,14576
2024-07-09,10156.86,10167.17,10138.62,10165.76,112709885,367678141.582,14452
2024-07-10,10165.76,10181.99,10139.7,10161.6,159130906,511339289.054,19442
2024-07-11,10161.6,10180.62,10120.42,10177.27,187443386,432918147.226,17116
2024-07-14,10177.27,10177.27,10139.37,10171.95,157653764,318553170.806,12084
2024-07-15,10171.95,10196.300000000001,10130.68,10196.300000000001,155511572,467183663.069,17433
2024-07-16,10196.300000000001,10205.380000000001,10171.53,10193.89,140306940,325723100.65,13649
2024-07-17,10193.89,10193.89,10058.68,10151.72,187114320,480198738.539,17379
2024-07-18,10151.72,10151.72,10023.75,10034.26,178243449,473305207.848,19334
2024-07-21,10034.26,10061.9,9990.5,10060.210000000001,113573883,260304796.719,9240
2024-07-22,10060.210000000001,10120.68,10060.210000000001,10120.68,98849584,306006174.674,13021
2024-07-23,10120.68,10146.33,10117.59,10140.42,119289871,291841408.002,12880
2024-07-24,10140.42,10150.94,10120.53,10137.45,115864995,300083489.562,11612
2024-07-25,10137.45,10137.45,10065.880000000001,10098.36,100980910,301990612.121,12151
2024-07-28,10098.36,10145.11,10080.66,10135.75,79980973,209762749.132,8732
2024-07-29,10135.75,10169.97,10118.04,10169.97,153319039,359602075.907,14594
2024-07-30,10169.97,10169.97,10140.2,10150.460000000001,108155844,285934063.043,12055
2024-07-31,10150.460000000001,10171.03,10126.54,10154.050000000001,115348217,404719199.169,13145
2024-08-01,10154.050000000001,10165.300000000001,10109.18,10130.75,117123251,292004525.699,11805
2024-08-04,10130.75,10130.75,10010.91,10057.130000000001,148364071,374761654.965,12719
2024-08-05,10057.130000000001,10057.23,9760.85,10057.23,181455054,591381504.262,20661
2024-08-06,10057.23,10057.23,9980.7,10049.0,142385592,384973808.734,15576
2024-08-07,10049.0,10076.81,10019.050000000001,10076.81,169403436,375560629.402,14019
2024-08-08,10076.81,10077.76,10036.02,10053.01,91951396,243992801.905,11084
2024-08-11,10053.01,10091.09,10044.19,10077.32,118623153,222578095.953,8524
2024-08-12,10077.32,10096.16,10053.300000000001,10093.52,101502382,259434387.652,12258
2024-08-13,10093.52,10095.26,10025.59,10071.4,120561392,306611614.904,13869
2024-08-14,10071.4,10131.79,10044.54,10108.2,103281271,295617822.716,14294
2024-08-15,10108.2,10148.65,10106.41,10125.47,112358192,278727874.956,12682
2024-08-18,10125.47,10157.49,10117.95,10135.37,94635272,220680306.001,8750
2024-08-19,10135.37,10157.130000000001,10096.01,10155.75,95343954,224761892.383,10032
2024-08-20,10155.75,10160.74,10116.03,10158.57,101843134,272087180.452,11948
2024-08-21,10158.57,10159.300000000001,10088.95,10119.08,105834401,277189082.871,12590
2024-08-22,10119.08,10132.04,10089.36,10122.61,129897218,315255037.853,11802
2024-08-25,10122.61,10133.1,10098.460000000001,10105.33,131681743,252003209.15,9979
2024-08-26,10105.33,10222.81,10103.800000000001,10222.81,184948794,364535236.356,15257
2024-08-27,10222.81,10229.28,10185.09,10188.57,180611757,386169882.189,15950
2024-08-28,10188.57,10195.91,10078.4,10136.99,181916831,432774947.803,15950
2024-08-29,10136.99,10203.04,10110.7,10203.04,153817774,587874087.586,16142
2024-09-01,10203.04,10245.74,10198.35,10230.45,88334592,236881495.44,8109
2024-09-02,10230.45,10345.22,10229.960000000001,10344.42,156461714,397594702.024,15150
2024-09-03,10344.42,10383.42,10318.59,10383.42,156614453,403799960.33,14673
2024-09-04,10383.42,10383.42,10310.0,10321.09,123867536,292694987.178,12663
2024-09-05,10321.09,10329.380000000001,10256.94,10323.32,119525453,261410829.847,10919
2024-09-08,10323.32,10323.32,10260.68,10261.02,89567969,194742931.244,7156
2024-09-09,10261.02,10283.710000000001,10215.550000000001,10215.550000000001,108113508,256904749.474,11465
2024-09-10,10215.550000000001,10292.15,10215.550000000001,10266.77,120197656,310464443.602,12560
2024-09-11,10266.77,10276.77,10204.99,10248.12,125248623,357149056.443,14783
2024-09-12,10248.12,10445.89,10248.12,10398.32,168555194,514208087.878,17403
2024-09-15,10398.32,10486.34,10394.53,10459.050000000001,144765885,340551465.62,10810
2024-09-16,10459.050000000001,10475.550000000001,10446.24,10448.960000000001,137565576,336917611.016,12695
2024-09-17,10448.960000000001,10482.33,10405.45,10405.45,264587976,437549909.457,14996
2024-09-18,10405.45,10429.43,10391.460000000001,10406.7,152790989,322892091.351,11018
2024-09-19,10406.7,10477.86,10402.97,10464.15,225348417,683625627.69,16043
2024-09-22,10464.15,10519.77,10436.57,10439.07,123679264,257054349.814,9045
2024-09-23,10439.07,10482.26,10433.65,10443.04,136021085,311936239.337,13025
2024-09-24,10443.04,10490.98,10425.19,10490.98,166008905,375560638.716,15315
2024-09-25,10490.98,10542.710000000001,10464.5,10542.710000000001,294740786,536530920.986,19050
2024-09-26,10542.710000000001,10585.42,10507.19,10581.66,264916502,577619000.146,20301
2024-09-29,10581.66,10624.54,10581.66,10585.300000000001,169867751,334937750.059,11962
2024-09-30,10585.300000000001,10625.08,10576.15,10614.09,226025907,597561321.704,19345
2024-10-01,10614.09,10679.45,10592.25,10629.880000000001,195477786,433569626.847,16429
2024-10-02,10629.880000000001,10629.880000000001,10555.69,10566.43,169907779,369538871.641,13233
2024-10-03,10566.43,10605.41,10403.28,10465.25,196629293,485431163.82,17796
2024-10-06,10465.25,10474.85,10335.54,10412.01,169646853,402905359.245,14198
2024-10-07,10412.01,10453.52,10376.9,10451.34,188024820,441362202.224,16400
2024-10-08,10451.34,10523.84,10433.83,10512.2,188642774,449241491.281,17462
2024-10-09,10512.2,10589.630000000001,10509.79,10509.79,195166797,409597634.121,13127
2024-10-10,10509.79,10530.93,10492.76,10509.27,101069971,251658175.842,10238
2024-10-13,10509.27,10533.16,10487.62,10493.300000000001,127930981,250716925.782,8042
2024-10-14,10493.300000000001,10507.91,10475.54,10477.81,184261549,362454298.695,14526
2024-10-15,10477.81,10642.61,10471.77,10642.47,224836424,713467135.923,20769
2024-10-16,10642.47,10735.37,10642.47,10735.37,190652059,534683789.36700004,13081
2024-10-17,10735.37,10747.66,10632.72,10733.4,206144241,657327508.004,16351
2024-10-20,10733.4,10733.4,10615.09,10615.09,76656951,174904045.182,6628
2024-10-21,10615.09,10631.78,10568.45,10607.09,144885310,339503548.159,13533
2024-10-22,10607.09,10608.300000000001,10561.65,10573.210000000001,109119491,325274019.85,11711
2024-10-23,10573.210000000001,10622.44,10412.54,10415.28,185140843,450569533.443,14892
2024-10-24,10415.28,10452.800000000001,10384.03,10400.5,131148805,373845646.926,13470
2024-10-27,10400.5,10583.61,10400.5,10559.95,237052025,460482340.311,12763
2024-10-28,10559.95,10595.630000000001,10504.28,10504.28,237924923,424621578.661,15136
2024-10-29,10504.28,10590.49,10498.27,10590.49,301758092,601548346.475,16759
2024-10-30,10590.49,10598.9,10463.54,10463.68,215575245,493358663.194,15468
2024-10-31,10463.68,10532.82,10463.68,10524.34,171952029,503305072.413,17543
2024-11-03,10524.34,10544.880000000001,10491.39,10507.59,138870973,299433029.861,8412
2024-11-04,10507.59,10546.49,10503.24,10545.4,198110143,407039271.748,12950
2024-11-05,10545.4,10568.52,10526.62,10568.52,132809912,331856303.262,12717
2024-11-10,10568.52,10639.56,10564.7,10623.630000000001,154974650,394026284.569,12271
2024-11-11,10623.630000000001,10626.85,10567.04,10605.07,129586628,397660640.719,15381
2024-11-12,10605.07,10605.17,10458.210000000001,10458.210000000001,158708082,462132012.684,16564
2024-11-13,10458.210000000001,10498.58,10415.64,10420.04,133336528,363865847.967,15485
2024-11-14,10420.04,10481.54,10420.04,10455.08,134593576,389906434.69,16523
2024-11-17,10455.08,10463.07,10410.16,10410.710000000001,95071205,214289396.7,7828
2024-11-18,10410.710000000001,10459.630000000001,10410.710000000001,10453.36,108921883,307444499.244,13220
2024-11-19,10453.36,10461.61,10418.92,10425.23,110604637,264433311.004,10315
2024-11-20,10425.23,10456.22,10418.15,10438.16,111884866,298937961.702,11395
2024-11-21,10438.16,10466.0,10394.82,10394.82,131067088,373544722.114,15604
2024-11-24,10394.82,10442.07,10386.29,10409.59,99928347,224860134.704,8537
2024-11-25,10409.59,10468.550000000001,10409.59,10412.54,215400028,962649647.506,18230
2024-11-26,10412.54,10460.04,10397.2,10407.95,89956828,241489886.959,9388
2024-11-27,10407.95,10430.85,10360.550000000001,10361.45,97229947,318126852.923,12668
2024-11-28,10361.45,10421.06,10332.95,10417.82,95639162,287376475.287,12509
2024-12-01,10417.82,10429.22,10385.97,10392.65,75163751,171795393.107,6931
2024-12-02,10392.65,10409.76,10377.98,10391.15,96367154,227559960.169,9941
2024-12-03,10391.15,10400.68,10369.2,10389.09,133762141,338762938.072,14938
2024-12-04,10389.09,10404.78,10337.59,10337.59,104957407,258172290.966,11032
2024-12-05,10337.59,10391.75,10334.77,10391.75,96463313,264649286.155,12404
2024-12-08,10391.75,10408.03,10357.7,10361.460000000001,100814522,221549238.235,6743
2024-12-09,10361.460000000001,10435.29,10361.460000000001,10421.36,105899367,317944346.904,14039
2024-12-10,10421.36,10512.58,10413.86,10496.32,138379007,404584404.114,14621
2024-12-11,10496.32,10541.11,10479.4,10510.880000000001,159747051,399362191.621,14539
2024-12-12,10510.880000000001,10565.84,10508.62,10528.65,165206537,404168695.829,14412
2024-12-15,10528.65,10570.630000000001,10528.65,10538.2,147272853,309201566.6830001,9822
2024-12-16,10538.2,10594.43,10531.050000000001,10578.24,119739139,402178022.453,14166
2024-12-17,10578.24,10599.93,10458.74,10458.74,166631393,667639835.703,15817
2024-12-22,10458.74,10558.89,10458.74,10558.89,108670449,318449784.267,11072
2024-12-23,10558.89,10559.050000000001,10520.75,10537.34,106000695,364006601.029,12463
2024-12-24,10537.34,10549.97,10499.82,10531.64,113994221,339795237.778,9762
2024-12-25,10531.64,10546.06,10449.12,10465.73,109676565,265960232.015,7041
2024-12-26,10465.73,10492.24,10402.5,10413.41,101110105,304091914.03,8928
2024-12-29,10413.41,10511.53,10413.41,10511.53,70299190,184606245.883,5859
2024-12-30,10511.53,10526.29,10481.26,10487.62,105190335,316597530.944,11891
2024-12-31,10487.62,10571.09,10427.95,10571.09,91832113,306748596.444,10461
2025-01-05,10571.09,10571.09,10475.03,10478.48,89257614,225605342.287,8397
2025-01-06,10478.48,10488.45,10459.62,10485.72,144953064,350181097.128,13393
2025-01-07,10485.72,10497.73,10443.19,10451.39,128191279,374151961.422,13603
2025-01-08,10451.39,10474.25,10365.050000000001,10455.97,158277148,509522815.92,19942
2025-01-09,10455.97,10466.74,10402.81,10441.53,123560986,391257772.57,14595
2025-01-12,10441.53,10498.04,10399.47,10404.58,88455389,217546892.35,7265
2025-01-13,10404.58,10409.97,10218.02,10219.69,141723567,416641198.691,17297
2025-01-14,10219.69,10385.86,10219.69,10384.89,133337148,436277732.618,16581
2025-01-15,10384.89,10429.43,10348.97,10428.81,146740558,431672172.846,16504
2025-01-16,10428.81,10494.03,10405.550000000001,10471.69,162601409,393805268.167,14952
2025-01-19,10471.69,10485.93,10456.57,10467.97,140210664,268173543.379,10594
2025-01-20,10467.97,10538.23,10467.97,10507.56,235889867,451939326.537,15873
2025-01-21,10507.56,10536.39,10486.77,10507.28,213702807,486760170.174,15026
2025-01-22,10507.28,10640.15,10498.86,10619.4,234501780,690131382.827,24253
2025-01-23,10619.4,10713.36,10604.74,10660.12,206319947,580712670.083,18539
2025-01-26,10660.12,10714.82,10645.47,10650.5,148474402,362006651.361,10910
2025-01-27,10650.5,10679.98,10617.23,10666.880000000001,145346431,354270808.888,14528
2025-01-28,10666.880000000001,10697.33,10659.1,10673.99,165850178,371296171.199,13951
2025-01-29,10673.99,10696.28,10622.34,10680.28,171405683,322164170.444,12720
2025-01-30,10680.28,10705.69,10642.59,10666.710000000001,216807784,440164552.183,15919
2025-02-02,10666.710000000001,10701.02,10659.86,10699.76,133959926,293765092.331,9405
2025-02-03,10699.76,10700.52,10580.91,10632.34,210639687,527102262.009,16434
2025-02-04,10632.34,10659.710000000001,10575.6,10658.83,191449010,515071148.566,18849
2025-02-05,10658.83,10665.06,10617.58,10657.44,219322674,562465402.391,19332
2025-02-06,10657.44,10674.62,10583.01,10615.75,126942157,378532185.472,15224
2025-02-09,10615.75,10617.54,10571.5,10583.73,97768102,221457848.67,7307
2025-02-10,10583.73,10629.2,10572.08,10629.2,121910331,368245427.91700006,12824
2025-02-12,10629.2,10629.2,10580.95,10595.24,125576017,504364804.544,16081
2025-02-13,10595.24,10620.47,10568.58,10619.08,143204938,404408633.789,14583
2025-02-16,10619.08,10647.33,10592.1,10604.89,141324940,313660275.818,9125
2025-02-17,10604.89,10616.58,10576.800000000001,10610.42,186023122,376095615.022,13356
2025-02-18,10610.42,10641.83,10552.11,10638.1,164654173,474691052.229,16821
2025-02-19,10638.1,10648.51,10617.44,10646.130000000001,168929330,449307595.814,15735
2025-02-20,10646.130000000001,10656.75,10591.380000000001,10654.4,128215561,371914832.229,14139
2025-02-23,10654.4,10662.19,10615.99,10641.09,148284657,343609277.212,11255
2025-02-24,10641.09,10666.04,10547.25,10665.97,195175276,595460344.117,18320
2025-02-25,10665.97,10665.97,10537.050000000001,10591.050000000001,207949671,521888541.5,18549
2025-02-26,10591.050000000001,10591.050000000001,10491.45,10497.73,164644331,454237910.56,16530
2025-02-27,10497.73,10497.73,10353.62,10445.69,123888987,802521447.058,21158
2025-03-03,10445.69,10464.09,10362.19,10464.09,113045174,380417918.813,17856
2025-03-04,10464.09,10472.76,10399.74,10470.94,126672202,382033304.072,14047
2025-03-05,10470.94,10493.09,10425.42,10492.39,119864856,362502257.582,14060
2025-03-06,10492.39,10514.11,10446.710000000001,10514.11,150968175,418234995.304,17617
2025-03-09,10514.11,10535.050000000001,10490.7,10525.62,131674357,323848182.89,8952
2025-03-10,10525.62,10534.47,10472.11,10531.81,121984997,390948451.158,15300
2025-03-11,10531.81,10531.81,10455.65,10484.47,158894845,394276201.993,16002
2025-03-12,10484.47,10485.210000000001,10401.86,10437.960000000001,148160778,421968080.443,14893
2025-03-13,10437.960000000001,10437.960000000001,10377.01,10423.18,144397548,381659246.961,13301
2025-03-16,10423.18,10423.460000000001,10385.89,10421.800000000001,115620263,230193721.503,30064
2025-03-17,10421.800000000001,10440.56,10387.02,10403.87,206361359,439756457.327,26754
2025-03-18,10403.87,10461.48,10389.550000000001,10461.48,225299873,474587372.79,38966
2025-03-19,10461.48,10479.710000000001,10358.800000000001,10384.72,155360460,465473459.843,25419
2025-03-20,10384.72,10404.22,10307.93,10343.68,158669283,611843040.281,16692
2025-03-23,10343.68,10346.33,10263.16,10267.61,89041628,211180548.0,8270
2025-03-24,10267.61,10307.11,10170.960000000001,10185.7,120816660,305382982.0,14768
2025-03-25,10185.7,10224.380000000001,10114.22,10157.56,126701203,313468165.0,14757
2025-03-26,10157.56,10216.19,10125.18,10185.78,135100291,390330827.0,18852
2025-03-27,10185.78,10234.06,10124.23,10232.95,117237483,365948345.0,14920
2025-04-06,10232.95,10232.95,9647.57,9800.01,234095059,554800141.546,29727
2025-04-07,9800.01,9808.85,9553.58,9766.050000000001,289794023,681297668.0,35456
2025-04-08,9766.050000000001,9977.17,9765.7,9896.65,218006474,565680458.0,47546
2025-04-09,9896.65,9968.18,9801.08,9904.25,191446313,438656571.0,26611
2025-04-10,9904.25,10175.61,9904.25,10095.09,319314408,701046899.15,31232
2025-04-13,10095.09,10130.4,10072.48,10118.11,150048780,265635028.857,13628
2025-04-14,10118.11,10189.24,10118.11,10146.65,182880670,374463328.772,18380
2025-04-15,10146.65,10213.89,10145.4,10213.33,94031421,242328380.947,11907
2025-04-16,10213.33,10213.33,10172.58,10198.39,136381504,377889124.115,13549
2025-04-17,10198.39,10199.130000000001,10119.12,10135.84,130988623,315980113.776,16075
2025-04-20,10135.84,10150.6,10116.03,10135.24,178927524,224830645.78,8549
2025-04-21,10135.24,10149.97,10106.72,10106.72,198637312,414308406.988,12237
2025-04-22,10106.72,10150.48,10097.87,10139.29,225274458,416817055.071,22567
2025-04-23,10139.29,10237.11,10139.29,10237.11,267400002,524561814.295,25252
2025-04-24,10237.11,10311.7,10225.19,10260.17,228957310,645661232.006,25564
2025-04-27,10260.17,10300.86,10248.09,10269.49,149654112,316266205.952,11497
2025-04-28,10269.49,10306.83,10260.43,10304.15,185223719,394275874.838,16521
2025-04-29,10304.15,10363.29,10304.15,10325.29,196605709,470072420.171,25632
2025-04-30,10325.29,10459.880000000001,10323.630000000001,10459.880000000001,198612510,473905712.473,29233
2025-05-01,10459.880000000001,10459.880000000001,10393.35,10447.630000000001,202564012,438505350.587,17679
2025-05-04,10447.630000000001,10521.050000000001,10445.1,10499.64,176152652,343046348.984,12844
2025-05-05,10499.64,10532.54,10454.87,10455.7,140307498,356255584.882,14265
2025-05-06,10455.7,10503.06,10451.67,10484.460000000001,211576848,397896749.671,20279
2025-05-07,10484.460000000001,10530.380000000001,10464.95,10478.62,179520180,433223379.423,20220
2025-05-08,10478.62,10557.28,10478.62,10520.04,197929741,429529220.466,20758
2025-05-11,10520.04,10592.56,10520.04,10532.25,191089295,331730368.248,10523
2025-05-12,10532.25,10639.51,10532.25,10609.25,237369530,535500591.445,20609
2025-05-13,10609.25,10651.42,10585.58,10585.58,268020535,565756564.396,20689
2025-05-14,10585.58,10630.52,10573.87,10593.53,220000057,464889135.078,21923
2025-05-15,10593.53,10608.02,10564.960000000001,10574.59,169175370,446830474.338,22527
2025-05-18,10574.59,10647.9,10574.59,10640.710000000001,214407209,419438661.077,15455
2025-05-19,10640.710000000001,10738.84,10631.66,10710.09,292202463,732350359.352,32453
2025-05-20,10710.09,10774.43,10709.98,10763.33,342829458,731566568.646,26968
2025-05-21,10763.33,10818.960000000001,10763.33,10772.36,415864131,804356574.848,32497
2025-05-22,10772.36,10782.800000000001,10699.68,10774.26,210659562,507897484.03,25010
2025-05-25,10774.26,10797.69,10736.41,10736.41,159665991,274154098.204,12771
2025-05-26,10736.41,10771.6,10722.62,10731.92,224440750,468666353.357,22351
2025-05-27,10731.92,10739.91,10639.35,10648.36,187224434,455686443.19,22724
2025-05-28,10648.36,10679.41,10531.29,10539.41,157090687,451071653.788,27810
2025-05-29,10539.41,10586.800000000001,10454.92,10463.04,311189309,1441424280.095,30047
2025-06-01,10463.04,10536.67,10463.04,10501.25,142520688,316187243.502,15757
2025-06-02,10501.25,10513.43,10439.42,10484.06,144643486,380178981.218,27710
2025-06-03,10484.06,10620.210000000001,10481.210000000001,10618.02,184311023,439517208.124,22292
2025-06-04,10618.02,10618.02,10558.34,10558.34,211060885,494288257.573,41004
2025-06-10,10558.34,10697.1,10544.74,10697.1,234275100,494886179.113,24314
2025-06-11,10697.1,10756.79,10648.960000000001,10713.35,187107429,454820284.809,25181
2025-06-12,10713.35,10722.18,10582.14,10626.5,205262682,451138968.903,24219
2025-06-15,10626.5,10626.5,10192.84,10286.92,261446568,507277199.56,29330
2025-06-16,10286.92,10507.15,10286.77,10464.800000000001,240002435,566526129.782,32924
2025-06-17,10464.800000000001,10520.22,10409.29,10411.41,213035981,501067036.643,24537
2025-06-18,10411.41,10421.99,10317.98,10347.91,182950389,399400954.175,18958
2025-06-19,10347.91,10348.45,10198.64,10261.14,277650461,1097759301.289,22020
2025-06-22,10261.14,10380.710000000001,10190.64,10280.2,192378119,357805213.154,15021
2025-06-23,10280.2,10434.69,10277.42,10332.82,226318263,468240647.552,25490
2025-06-24,10332.82,10582.28,10332.82,10531.87,329428185,688140897.541,26670
2025-06-25,10531.87,10643.52,10531.87,10643.52,277840617,1031806757.371,28822
2025-06-26,10643.52,10685.61,10608.77,10684.66,194878822,477904316.773,20416
2025-06-29,10684.66,10768.19,10680.2,10768.19,183731175,406823679.785,14675
2025-06-30,10768.19,10798.79,10735.14,10749.48,178958433,481796241.628,25603
2025-07-01,10749.48,10772.210000000001,10697.69,10698.39,115670455,307785647.557,19028
2025-07-02,10698.39,10701.79,10661.78,10699.24,143767849,381857134.566,18394
2025-07-03,10699.24,10759.65,10679.97,10759.49,158671330,373411006.114,19368
2025-07-06,10759.49,10775.62,10744.1,10751.960000000001,101670670,265077928.914,10060
2025-07-07,10751.960000000001,10801.07,10750.76,10801.07,132392239,386926659.871,21612
2025-07-08,10801.07,10851.17,10794.7,10833.87,145163922,431319730.887,26279
2025-07-09,10833.87,10870.4,10800.31,10829.86,110823374,320452098.937,14959
2025-07-10,10829.86,10849.01,10774.4,10827.19,150094635,416863930.237,21181
2025-07-13,10827.19,10830.72,10793.880000000001,10830.72,104368235,278855948.547,13113
2025-07-14,10830.72,10830.72,10760.630000000001,10769.65,101227492,346314458.33,20662
2025-07-15,10769.65,10818.14,10762.06,10817.85,130067611,395130307.543,18635
2025-07-16,10817.85,10834.26,10790.73,10811.41,204162816,563594461.953,28437
2025-07-17,10811.41,10936.61,10807.16,10915.2,230159424,660091033.876,34855
2025-07-20,10915.2,10948.54,10876.68,10941.710000000001,161769922,373655354.303,13830
2025-07-21,10941.710000000001,11022.14,10936.47,11022.14,199667817,501181203.291,21663
2025-07-22,11022.14,11142.03,10992.22,11141.04,177768292,448035338.82500005,19019
2025-07-23,11141.04,11187.5,11081.56,11187.5,207251068,521985972.774,21076
2025-07-24,11187.5,11246.97,11141.35,11220.76,203980663,481672676.482,20490
2025-07-27,11220.76,11278.64,11183.42,11249.23,119934852,277705463.584,12545
2025-07-28,11249.23,11268.95,11175.73,11205.47,153257064,382843494.689,19742
2025-07-29,11205.47,11205.47,11136.03,11141.75,148114603,389428286.706,19589
2025-07-30,11141.75,11170.49,11112.380000000001,11149.460000000001,111884970,308027198.233,16030
2025-07-31,11149.460000000001,11265.6,11131.26,11261.62,193639001,621638775.472,21693
2025-08-03,11261.62,11261.62,11144.95,11167.75,142870203,302836904.93,11186
2025-08-04,11167.75,11190.37,11143.23,11179.72,178559532,363226685.86,30845
2025-08-05,11179.72,11284.11,11179.35,11284.11,235075760,488801098.355,23603
2025-08-06,11284.11,11333.08,11250.72,11325.92,240619987,540102192.039,26014
2025-08-07,11325.92,11384.36,11306.87,11363.710000000001,245312845,538155293.151,23586
2025-08-10,11363.710000000001,11373.97,11332.49,11362.43,240943946,451229563.156,18122
2025-08-11,11362.43,11371.49,11317.210000000001,11371.49,333896836,593798070.418,21131
2025-08-12,11371.49,11421.380000000001,11349.14,11421.380000000001,337833792,580384735.107,21924
2025-08-13,11421.380000000001,11634.86,11421.380000000001,11634.75,303481649,667691540.53,26217
2025-08-14,11634.75,11743.0,11623.31,11648.81,227690926,621759655.379,29682
2025-08-17,11648.81,11665.54,11585.45,11588.02,176760398,353012459.554,15026
2025-08-18,11588.02,11602.26,11506.97,11515.66,181379643,415103372.634,20212
2025-08-19,11515.66,11534.94,11436.57,11491.59,151704550,400141364.995,20132
2025-08-20,11491.59,11496.26,11306.07,11306.78,136476727,369066324.605,24009
2025-08-21,11306.78,11348.91,11262.53,11342.57,126511278,347386082.38,22454
2025-08-24,11342.57,11393.72,11321.050000000001,11322.64,115110449,264335174.067,12208
2025-08-25,11322.64,11351.24,11273.9,11293.42,122459672,312917782.355,14102
2025-08-26,11293.42,11406.2,11264.68,11405.5,238883067,950151500.969,34962
2025-08-27,11405.5,11426.880000000001,11338.81,11338.81,139509117,345212393.609,17184
2025-08-28,11338.81,11370.34,11226.84,11226.84,145012569,363665168.3,18297
2024-08-31,11226.84,11261.51,11149.67,11222.380000000001,108453099,279243911.385,17457
2025-09-01,11222.380000000001,11239.64,11148.17,11175.48,105884645,278768577.294,14407
2025-09-02,11175.48,11203.59,11129.69,11183.57,85892539,261560585.512,14587
2025-09-03,11183.57,11212.06,11141.07,11142.37,134966949,403795276.85,30479
2025-09-04,11142.37,11184.26,11096.960000000001,11099.210000000001,140885493,427203059.915,20122
2025-09-07,11099.210000000001,11153.84,11099.210000000001,11131.43,118879619,274440803.926,12852
2025-09-08,11131.43,11175.39,11117.210000000001,11124.83,98481521,302808419.976,23387
2025-09-09,11124.83,11137.47,11069.94,11107.45,124002286,394235667.081,25216
2025-09-10,11107.45,11120.2,11052.28,11077.07,101737825,355468720.162,19961
2025-09-11,11077.07,11120.97,11018.4,11093.12,97780219,295855587.483,17968
2025-09-14,11093.12,11145.09,11088.48,11131.75,117870203,281189700.463,18237
2025-09-15,11131.75,11142.4,11090.300000000001,11099.97,145758400,400348766.855,23223
2025-09-16,11099.97,11150.48,11092.26,11121.58,244655748,543295010.665,25760
2025-09-17,11121.58,11228.19,11121.58,11226.03,243768170,587916490.44,30676
2025-09-18,11226.03,11307.85,11201.43,11307.85,300347659,1098638300.488,24072
2025-09-21,11307.85,11313.56,11189.14,11266.82,147705756,412359766.24,19995
2025-09-22,11266.82,11285.16,11199.82,11222.06,207518893,460883886.713,23060
2025-09-23,11222.06,11234.62,11174.880000000001,11174.880000000001,177723875,468491408.658,23614
2025-09-24,11174.880000000001,11203.97,11058.880000000001,11078.5,217289197,572669475.389,24327
2025-09-25,11078.5,11124.58,10958.550000000001,10958.550000000001,136739738,416862304.067,21784
2025-09-28,10958.550000000001,10994.12,10932.32,10977.66,83130605,245589961.379,12483
2025-09-29,10977.66,11011.94,10949.16,11001.880000000001,121754226,365219302.453,25755
2025-09-30,11001.880000000001,11078.210000000001,11001.880000000001,11052.82,146289651,492670296.167,27801
2025-10-01,11052.82,11069.23,10929.02,10955.26,115853782,330196860.411,23284
2025-10-02,10955.26,10972.25,10861.66,10863.09,162919576,445619972.755,17331
2025-10-05,10863.09,10925.800000000001,10863.09,10915.73,109638354,230811656.291,11941
2025-10-06,10915.73,10921.97,10862.75,10888.550000000001,120081369,317284596.188,21593
2025-10-07,10888.550000000001,10911.67,10850.78,10911.53,108818714,277924952.954,14931
2025-10-08,10911.53,10919.36,10880.65,10897.380000000001,128438090,335952954.36,16530
2025-10-09,10897.380000000001,10934.54,10884.83,10933.22,107749345,261962153.452,18559
2025-10-12,10933.22,10933.22,10808.68,10839.72,133605520,288956369.706,13506
2025-10-13,10839.72,10883.6,10835.95,10835.95,144677392,350936612.345,18852
2025-10-14,10835.95,10860.65,10745.92,10745.92,118150811,372046687.348,22647
2025-10-15,10745.92,10808.64,10693.47,10693.47,122392450,362822401.443,22849
2025-10-16,10693.47,10852.06,10693.47,10850.91,135967271,429404964.383,24573
2025-10-19,10850.91,10898.98,10829.06,10837.18,98119230,240983748.219,14482
2025-10-20,10837.18,10858.72,10789.16,10808.5,123522892,302019840.707,17598
2025-10-21,10808.5,10846.29,10783.800000000001,10821.85,137249101,280497283.583,17334
2025-10-22,10821.85,10850.7,10783.44,10850.33,122233021,313644561.833,20754
2025-10-23,10850.33,10895.300000000001,10826.51,10877.050000000001,110086574,314078315.163,24389
2025-10-26,10877.050000000001,10912.14,10869.92,10912.14,101473405,217095658.063,11011
2025-10-27,10912.14,10915.76,10849.77,10896.08,99101970,287116704.097,18665
2025-10-28,10896.08,10948.02,10884.11,10924.78,130649556,479582143.945,20309
2025-10-29,10924.78,10929.07,10876.82,10928.23,106968308,299305266.439,19692
2025-10-30,10928.23,10958.5,10924.93,10956.78,113245665,365219610.806,25076
2025-11-02,10956.78,10956.78,10893.82,10930.300000000001,120111853,280930858.068,13466
2025-11-03,10930.300000000001,11027.56,10880.37,11027.56,127236973,367871735.068,25520
2025-11-04,11027.56,11036.73,10995.04,11027.54,105609527,318181548.028,32000
2025-11-05,11027.54,11027.54,10958.84,11006.6,115797676,317284822.794,18570
2025-11-06,11006.6,11083.41,11000.48,11058.92,120457551,395727198.981,28928
2025-11-09,11058.92,11105.42,11032.09,11047.84,79992835,209632554.739,14762
2025-11-10,11047.84,11114.52,11023.35,11089.98,84539125,306941739.963,17804
2025-11-11,11089.98,11147.82,11081.09,11140.77,120740031,383024391.872,25421
2025-11-12,11140.77,11144.86,11082.4,11082.4,104306258,334861505.282,19727
2025-11-13,11082.4,11113.23,10957.95,10957.95,124235460,379113381.149,21744
2025-11-16,10957.95,10959.92,10840.130000000001,10846.84,82973031,218740022.135,14518
2025-11-17,10846.84,10872.02,10757.59,10800.54,119749515,373216896.05,33562
2025-11-18,10800.54,10807.47,10626.66,10682.52,117458148,449925926.226,45562
2025-11-19,10682.52,10794.14,10682.52,10751.11,131150009,445362526.6500001,28194
2025-11-20,10751.11,10751.11,10592.56,10607.960000000001,299100016,2529145163.188,33039
2025-11-23,10607.960000000001,10671.61,10607.960000000001,10653.130000000001,95817605,258876877.478,14749
2025-11-24,10653.130000000001,10699.94,10561.2,10699.94,232197035,1078878487.728,47626
2025-11-25,10699.94,10704.17,10600.49,10607.42,118548749,389898579.898,42521
2025-11-26,10607.42,10693.050000000001,10574.33,10689.4,197839111,468259317.76,23668
2025-11-27,10689.4,10724.4,10642.710000000001,10644.73,171861394,399560219.597,18635
2025-11-30,10644.73,10668.1,10615.07,10615.07,95744894,209774716.204,10686
2025-12-01,10615.07,10642.7,10572.65,10621.19,110882200,344666292.574,16509
2025-12-02,10621.19,10677.77,10570.19,10674.06,137582930,425530211.633,30343
2025-12-03,10674.06,10723.460000000001,10653.68,10723.460000000001,95901892,271755958.929,14853
2025-12-04,10723.460000000001,10792.25,10697.37,10712.82,106001420,365609908.806,29606
2025-12-07,10712.82,10737.67,10691.64,10704.4,77339055,234428735.435,15166
2025-12-08,10704.4,10736.47,10666.19,10736.47,81620633,291961453.592,27755
2025-12-09,10736.47,10777.39,10688.67,10777.39,101261305,406302689.59,18054
2025-12-10,10777.39,10807.47,10758.7,10807.47,82681175,289925736.824,20548
2025-12-11,10807.47,10909.800000000001,10793.800000000001,10903.17,91010464,256666566.767,15137
2025-12-14,10903.17,10903.79,10843.86,10854.95,81838233,224150478.099,11308
2025-12-15,10854.95,10870.01,10756.89,10757.960000000001,127147020,379342921.063,27976
2025-12-16,10757.960000000001,10757.960000000001,10684.92,10726.68,85716225,263784908.222,17042
2025-12-17,10726.68,10747.2,10654.65,10654.65,166845596,699332135.052,18717
2025-12-21,10654.65,10731.4,10654.65,10716.39,78183932,207915158.61,13041
2025-12-22,10716.39,10801.53,10689.95,10801.39,94895985,267853141.4,20732
2025-12-23,10801.39,10823.86,10757.550000000001,10823.86,100968931,290512075.596,14439
2025-12-24,10823.86,10852.61,10809.11,10837.61,82519106,216764495.149,10525
2025-12-25,10837.61,10837.61,10798.01,10801.22,60910904,156648902.763,6535
2025-12-28,10801.22,10808.59,10763.11,10763.27,68861822,182554324.411,7976
2025-12-29,10763.27,10798.14,10718.4,10798.14,95366935,275163390.158,12903
2025-12-30,10798.14,10798.67,10750.32,10793.58,109713639,320956851.534,14309
2025-12-31,10793.58,10793.58,10732.86,10762.51,106401178,294240670.351,22799
2026-01-04,10762.51,10788.84,10731.61,10785.36,127328189,275470137.428,16751
2026-01-05,10785.36,10967.86,10781.43,10967.86,156753947,453535755.185,26726
2026-01-06,10967.86,11029.48,10961.58,10989.53,190736287,534773520.271,37447
2026-01-07,10989.53,11061.78,10966.06,11061.78,139070041,398702156.18,23732
2026-01-08,11061.78,11061.78,10969.33,10969.33,130222481,351441944.607,24028
2026-01-11,10969.33,11108.28,10966.83,11088.79,112493056,294540252.779,36537
2026-01-12,11088.79,11162.54,11069.65,11162.54,110337563,397992333.272,43676
2026-01-13,11162.54,11230.65,11152.84,11229.22,136024847,497477681.702,32946
2026-01-14,11229.22,11229.22,11142.69,11210.66,135810531,432449105.112,43696
2026-01-15,11210.66,11210.66,11059.960000000001,11067.64,128509171,390920355.523,38945
2026-01-18,11067.64,11194.1,11067.64,11124.98,117062767,353667250.379,30268
2026-01-19,11124.98,11207.83,11106.99,11204.69,128320100,331827540.533,21713
2026-01-20,11204.69,11252.53,11186.49,11220.22,141929570,432824098.086,23143
2026-01-21,11220.22,11250.07,11203.39,11216.7,126260933,390351490.995,23042
2026-01-22,11216.7,11344.58,11196.84,11336.59,135480165,627842934.77,32147
2026-01-25,11336.59,11336.59,11177.18,11186.78,117203751,301124111.332,18813
2026-01-26,11186.78,11322.050000000001,11186.78,11322.050000000001,142990750,516827527.863,30673
2026-01-27,11322.050000000001,11376.710000000001,11285.130000000001,11285.130000000001,164262412,545501834.59,41757
2026-01-28,11285.130000000001,11374.07,11278.95,11373.09,142194142,462980183.455,36396
2026-01-29,11373.09,11375.53,11308.1,11310.380000000001,201691124,689891007.791,36502
2026-02-01,11310.380000000001,11374.550000000001,11304.54,11340.300000000001,109953973,292035212.891,22534
2026-02-02,11340.300000000001,11405.01,11295.42,11405.01,118234466,413795900.935,29277
2026-02-03,11405.01,11422.54,11371.95,11420.880000000001,134854032,461915113.602,25169
2026-02-04,11420.880000000001,11426.54,11344.79,11384.880000000001,123406684,394116529.426,25821
2026-02-05,11384.880000000001,11389.43,11335.98,11355.36,94644749,311244492.9,18806
2026-02-08,11355.36,11441.34,11355.36,11415.01,115923026,318970916.876,22145
2026-02-09,11415.01,11502.15,11415.01,11502.01,190027506,532316033.96,47617
2026-02-11,11502.01,11503.210000000001,11460.24,11502.99,168756977,477830615.959,43263
2026-02-12,11502.99,11515.81,11426.08,11515.81,231385764,965745590.784,21692
2026-02-15,11515.81,11518.39,11468.9,11468.9,145440107,349294157.064,16404
2026-02-16,11468.9,11488.06,11421.94,11426.59,145376679,429790496.81,24070
2026-02-17,11426.59,11426.59,11303.45,11362.59,115775262,377571553.229,22218
2026-02-18,11362.59,11396.07,11321.87,11389.02,133594462,397214110.299,24920
2026-02-19,11389.02,11390.54,11170.56,11229.06,150127257,474929644.575,26756
2026-02-22,11229.06,11242.83,11142.79,11161.42,89977458,236629619.935,14005
2026-02-23,11161.42,11282.24,11132.2,11282.24,154897096,449348120.593,38452
2026-02-24,11282.24,11292.6,11218.44,11289.75,133243936,467005952.431,29508
2026-02-25,11289.75,11291.12,11241.34,11270.62,144357876,406418064.405,24013
2026-02-26,11270.62,11298.78,11045.75,11055.18,346769140,1182179402.12,42306
2026-03-02,11055.18,11055.18,10580.6,10581.03,247935045,757333862.179,56038
2026-03-03,10581.03,10581.03,10405.73,10509.82,168179004,502710424.445,28782
2026-03-04,10509.82,10616.22,10489.54,10588.86,223372655,602852405.912,33477
2026-03-05,10588.86,10746.85,10588.86,10699.28,246351073,643091499.23,42007
2026-03-08,10699.28,10746.64,10649.27,10687.57,185910173,456375778.276,27048
2026-03-09,10687.57,10687.57,10398.33,10410.16,186244937,498395578.182,35060
2026-03-10,10410.16,10670.23,10394.02,10670.23,194409717,543636783.529,30928
2026-03-11,10670.23,10683.550000000001,10489.22,10577.25,133639355,394656644.486,23055
2026-03-12,10577.25,10582.82,10446.64,10485.94,151381430,403454134.019,22354
2026-03-15,10485.94,10485.94,10420.6,10461.0,140093323,332196935.902,18734
2026-03-16,10461.0,10472.550000000001,10333.32,10333.32,128313474,371933056.609,32609
2026-03-17,10333.32,10412.74,10317.43,10393.29,241249200,511236056.614,25736
2026-03-18,10393.29,10551.2,10292.16,10292.16,275021700,1270540378.022,32745
2026-03-24,10292.16,10344.37,10122.54,10150.7,212863914,748708634.441,55966
2026-03-25,10150.7,10304.89,10150.7,10290.29,144464106,512084939.2,37004
2026-03-26,10290.29,10343.800000000001,10160.33,10160.33,166857221,457131760.561,28717
2026-03-29,10160.33,10168.2,10009.08,10060.68,106147260,264797547.896,20448
2026-03-30,10060.68,10113.58,9925.77,10094.81,181666653,539800148.303,32531
2026-03-31,10094.81,10207.67,10094.81,10188.47,207392644,670515491.549,32753
2026-04-01,10188.47,10375.79,10188.47,10270.69,237261115,654114675.824,36327
2026-04-02,10270.69,10270.69,10146.78,10227.18,128501579,341644347.349,26383
2026-04-05,10227.18,10227.18,10144.16,10160.380000000001,77047773,153196705.636,7625
2026-04-06,10160.380000000001,10363.93,10159.36,10346.22,185316110,413871274.958,17935
2026-04-07,10346.22,10377.0,10278.210000000001,10285.66,238382245,478255417.382,28723
2026-04-08,10285.66,10727.82,10285.66,10662.33,353890072,821900352.012,36172
2026-04-09,10662.33,10662.33,10547.710000000001,10641.68,160426989,455142190.722,28393
2026-04-12,10641.68,10644.050000000001,10491.86,10629.800000000001,157182509,362163802.356,22861
2026-04-13,10629.800000000001,10686.4,10569.54,10624.58,191478531,530293142.273,41565
2026-04-14,10624.58,10708.41,10624.58,10690.77,253280140,594799094.094,31465
2026-04-15,10690.77,10770.52,10690.77,10733.95,204997635,549554992.811,30245
2026-04-16,10733.95,10748.39,10682.89,10714.65,178490893,558486710.0,33680
2026-04-19,10714.65,10743.86,10666.43,10718.23,161995183,415913156.864,24892
2026-04-20,10718.23,10718.23,10661.02,10672.2,153158120,452450885.247,25570
2026-04-21,10672.2,10727.24,10666.32,10684.76,196239599,477015025.019,26866
2026-04-22,10684.76,10704.210000000001,10670.72,10677.64,203877310,490312624.89,27566
2026-04-23,10677.64,10710.4,10662.42,10662.42,157877886,448820561.533,27426
2026-04-26,10662.42,10704.04,10658.22,10668.050000000001,234444848,426323833.509,20157
2026-04-27,10668.050000000001,10690.36,10636.32,10641.9,209780143,449220555.313,21338
2026-04-28,10641.9,10669.58,10601.77,10622.630000000001,239284927,511449928.365,28726
2026-04-29,10622.630000000001,10647.800000000001,10606.95,10611.82,196261769,482420220.554,35540
2026-04-30,10611.82,10631.960000000001,10481.76,10487.91,199233430,569994721.452,38406
2026-05-03,10487.91,10545.75,10487.91,10533.42,111424130,239658034.482,17177
2026-05-04,10533.42,10593.99,10533.42,10564.57,168892057,451381864.159,32507
2026-05-05,10564.57,10566.15,10503.62,10504.62,120313594,327228927.416,21059
2026-05-06,10504.62,10649.25,10504.62,10649.25,189988769,487259152.627,26684
2026-05-07,10649.25,10714.25,10641.15,10714.25,261219015,570454883.04,34719
2026-05-10,10714.25,10719.89,10659.09,10663.5,140765326,300841084.193,18819
2026-05-11,10663.5,10709.43,10631.25,10631.25,158359602,477310003.608,26347
2026-05-12,10631.25,10668.26,10523.92,10523.92,145302985,416829018.948,22620
2026-05-13,10523.92,10550.710000000001,10461.41,10472.69,150066656,406188019.105,25616
2026-05-14,10472.69,10524.98,10472.69,10493.27,121662444,352099679.044,24868
2026-05-17,10493.27,10519.03,10464.04,10484.17,100986018,232054058.675,14951
2026-05-18,10484.17,10484.17,10357.07,10372.1,164661043,409840926.554,26752
2026-05-19,10372.1,10434.26,10372.1,10418.28,155732570,397529321.647,23408
2026-05-20,10418.28,10426.07,10352.7,10352.7,123505690,380734122.536,23035
2026-05-21,10352.7,10425.710000000001,10352.7,10379.69,128262159,367923923.574,21064
2026-05-24,10379.69,10709.04,10379.69,10706.7,222089002,533970881.969,25913
2026-05-25,10706.7,10712.550000000001,10591.56,10591.56,265492434,1157771636.772,26178
2026-05-31,10591.56,10680.75,10554.960000000001,10554.960000000001,135629560,388449578.797,18403
2026-06-01,10554.960000000001,10567.15,10426.67,10438.86,171556211,583348355.82,66346
2026-06-02,10438.86,10497.880000000001,10407.45,10407.45,126671995,371950741.798,26769
2026-06-03,10407.45,10407.45,10359.67,10392.54,105763625,309018719.743,21013
2026-06-04,10392.54,10426.01,10335.86,10335.86,130739376,335088192.424,19378
